uid_salaries,name,salaries
67c4ada4-8faf-41c4-8eb8-8423dd618819,tBhqire,"CHF62,996.00"
bfd065a2-335d-448b-bf88-0e36db9bd66e,Gmgrt,"CHF56,613.00"
8a62f498-534c-43a0-8731-f3de4bd0991d,TAYsvX,"CHF48,818.00"
1365978b-d2d4-46b1-aaf9-65eb82034c89,uspcH,"CHF48,952.00"
c7b61e82-8b8e-4441-bd91-d94a3771da23,swoHYtRJ,"CHF36,791.00"
db02ff4e-7136-4be9-ae56-b6e72e37ecd0,rcQUsfm,"CHF40,721.00"
5d7e3fd1-aed4-4c01-adb5-90c01c3355f6,jHKEu,"CHF55,481.00"
07c9e674-768f-4b4e-947e-724dabe4a29f,FuqKy,"CHF54,140.00"
80d3da96-f95a-478e-9f5b-1cba4d874e12,bqVJLOkf,"CHF72,363.00"
d132691a-cd2c-4203-8032-9e4cc10d943f,iXySDD,"CHF74,836.00"
1390a724-6fa4-44ce-8331-af83fb8b8dc7,MMyvr,"CHF55,259.00"
e3060b19-5bac-4526-8fb9-5ca3fc0e5e40,xJIsbWX,"CHF47,620.00"
dff134f0-de4b-41b9-829c-e26a5889a188,TsqPgkmhg,"CHF53,501.00"
dd418d33-270f-4c45-8e24-2467129aea05,USVnR,"CHF36,670.00"
52d28cb4-f2b3-4ad7-b386-7bd44fc73260,wVWqsF,"CHF48,914.00"
c1a29a3c-91c2-4c04-bd58-bfd66f301951,vNNkpOi,"CHF66,799.00"
d5f9ed83-9e66-4992-9d37-9e6da6e92876,igqxFdWCR,"CHF61,274.00"
d5d1dbc0-91f7-4e55-952e-bd697a8cb7a8,hDTNDJLy,"CHF57,931.00"
8820475f-fafa-4fe8-886c-1a31809d2583,BKIyJjBfu,"CHF29,420.00"
ae22a710-99b6-4c98-b70c-25c3e3b00297,EIwTcish,"CHF43,432.00"
d188ae94-674f-4ff3-9259-8e7a382b77d8,oUNDJdjky,"CHF44,828.00"
d1ce7b2a-bbeb-4fcd-9c06-7058ee6752d9,QHdzoFESS,"CHF59,397.00"
734888fe-7403-482b-bdd7-58b638fd520a,Hbfiu,"CHF69,768.00"
869082cf-bd3e-46d8-be1b-826f82d5ee04,swCHtLMlU,"CHF35,659.00"
3a7dc016-5d06-47e3-b1ea-c9539bfb7a99,gkGhUW,"CHF33,440.00"
6a86a169-5b8a-4f85-b6d2-2d44b68b3deb,WSPWVQ,"CHF46,627.00"
06778df1-55fb-47bf-ae2c-9f2bac4d9e6b,lJWrbxu,"CHF61,287.00"
d990975e-0911-474b-8df8-ed9eb71f9c8c,nErCHE,"CHF46,818.00"
9286603e-51fe-4af9-8e00-6b7079e428e1,eUugDSs,"CHF50,372.00"
a593174c-ae92-4054-8cea-8ad43183b704,LJsXnLdgt,"CHF60,342.00"
55f02357-61d9-45da-8fb0-d79d5641a19a,CWdGTN,"CHF66,010.00"
a8b554c8-e357-4219-a2d3-87995b3539ec,UndWRn,"CHF47,760.00"
19a490c6-af07-4b8e-a8b6-b47ec7378767,tcWDm,"CHF36,004.00"
4cd93829-1aee-4957-8691-e70a62396c69,qbBsW,"CHF27,468.00"
4b0e1ffd-7c92-46ef-951a-253c3eb9ea0f,yTkGLu,"CHF31,780.00"
9f91a3b1-e482-4e24-8cf4-5ee428b41664,TFdTr,"CHF40,890.00"
cdce0acd-4472-4434-b3b2-bfcccca44ca0,rBDtXrM,"CHF73,738.00"
d4b59de3-91b9-436e-9a94-f42550bdaa03,bMUUzwOS,"CHF62,465.00"
7f951737-bda4-4fc8-9699-481ef53ffde2,PONph,"CHF68,117.00"
afddea57-0554-4b0b-ba31-f1dbe74105ca,LKwPqi,"CHF52,262.00"
2c150a7a-38cc-4873-b553-38f0b7b17e35,RyciGAm,"CHF37,167.00"
0b1ddf4d-cd2b-4b9c-b9f1-ee12f04ac6cb,TwiiVr,"CHF73,616.00"
99179732-b41d-4057-bd8b-d1a6101a078c,JRASLJ,"CHF44,120.00"
681c8451-ee28-4239-8a09-610bdb2cc961,dlihtnjUh,"CHF62,721.00"
dbb70aa2-c1d2-444c-8b46-f3708ecfaaf1,CiWpkuqOk,"CHF41,169.00"
a5b5399b-2fc5-4598-bccf-0defc0d0b25a,AHCTq,"CHF35,719.00"
b1695d76-2f0d-449f-a1ac-2905105bf025,JheBECh,"CHF47,168.00"
b703f988-88df-4836-b27d-598d40295691,DGGrcWbQ,"CHF40,298.00"
8c0dab1a-0ebf-4ae2-9f63-3de6a730bf21,LlJosyy,"CHF32,690.00"
4756dcdb-0aab-41c7-b8d5-6e890d518513,jSGUug,"CHF48,806.00"
75bec80c-799c-4ff9-805b-40664696b771,POlLtJpJ,"CHF32,531.00"
e7d66e1e-e23a-485e-9240-654f73145f65,mHKAyMvm,"CHF63,850.00"
73d62d37-bd0e-47dd-b22e-98ef42b04de2,YLEDWyRb,"CHF49,309.00"
5be0920f-59ce-4886-974d-b4a09b7eea41,XEiRzOx,"CHF62,363.00"
80cdd0c4-3f22-46ff-9419-06b87644dcb5,jBBEsQLPO,"CHF49,611.00"
537a2748-fd42-41ec-b830-69036359b22f,kTmYF,"CHF32,278.00"
6f223655-4eb3-4282-a922-098a2ede6286,gBtwiP,"CHF54,875.00"
8f07d979-9a7b-4713-bf07-7043190aa293,uDKooSLwP,"CHF55,922.00"
64b236c0-3c84-46ff-bd24-d4e61414d0ec,sramWGQT,"CHF50,062.00"
f1c715ca-c18f-48f4-b5af-3f3b9fecf6e0,lvonkwI,"CHF34,585.00"
9a1eed7d-64df-419b-af4b-ee5a6a3b7627,CxUPvSnu,"CHF31,950.00"
91571afd-7e1e-4135-a269-50937ca12348,peEHA,"CHF29,774.00"
e91ed907-d6eb-4a1a-bf7f-74a2e2f09d16,rFnbbfadY,"CHF66,691.00"
a72fb635-2d11-47e0-80bd-06699dbe091f,BTlwfyY,"CHF63,460.00"
2426b3a4-0e40-4478-93a0-3976e3ba5e4b,npsHKJWq,"CHF70,176.00"
227d7a37-aa55-42c7-96df-fb3744cdb816,ItlfVw,"CHF74,120.00"
279e244f-a91e-444c-b279-b0c06df8d1a6,gbsGuqa,"CHF49,759.00"
9fef73ad-4fd8-4bb4-b08e-1500cd1780bb,nYuTxwzhp,"CHF39,175.00"
6183c247-c16e-4438-969c-775a5099c764,gEMgzG,"CHF38,161.00"
ea7b24e8-1310-417a-b2dc-13aa5e26b019,OaMbMD,"CHF50,991.00"
1aa84194-6204-48cb-bce7-ab37801d6506,CfadQ,"CHF59,058.00"
d056a0ea-c8ab-4bea-b7b7-c7cdcbec244e,dOkEaIF,"CHF71,108.00"
b690134a-a24c-4706-9488-90ebbf3c69dc,csLYR,"CHF64,075.00"
9f172973-9a28-480b-bd20-a591d56da0c6,PksQVQQu,"CHF40,941.00"
97a5230c-1af0-489f-abd8-18b9173a7b90,aBHUjcLK,"CHF35,961.00"
39391a41-7644-4edf-8e4f-2baba656b506,VEhIzmKy,"CHF71,415.00"
79c05f05-7030-4490-956f-b4a2aa46039b,OGmWP,"CHF26,688.00"
7d46ad93-058f-41cb-bef9-e14d8bcd03c0,iXQRQTR,"CHF25,649.00"
674541a7-cb5d-4355-9961-412dd00bad0d,VDzhrTKey,"CHF69,569.00"
d0f6770f-ce36-49b2-8068-0864bae57939,lUqbsft,"CHF49,066.00"
bef6f5c3-3331-4dee-99fc-ecc9f45e5fdc,mMWcGgRN,"CHF74,343.00"
4ff64eb5-d843-4e55-a2fc-0456dce0bc7b,SfiAJzBR,"CHF48,383.00"
5afa5179-6974-4fd9-8b9e-3158b21eb90f,TKRSNFD,"CHF74,979.00"
f6c1cd8a-4b92-49e3-acec-36dc45df7219,WYMqHoQHJ,"CHF52,760.00"
41918af7-e567-435b-b1d8-6b862d8013a4,NgHIfyHiD,"CHF43,990.00"
bd46cf1b-3f0f-4f14-9573-f8e9020df0c0,zDJTg,"CHF66,535.00"
afc5783f-7c28-4517-933e-8b2d85bab948,CiEPJ,"CHF69,779.00"
a5507570-db64-436b-b323-d040af778d53,SljgAymd,"CHF48,061.00"
50c71a35-2616-478f-9bc9-d62eba145c44,MBjcowJP,"CHF46,325.00"
6f4d2696-6c5d-411b-b5f5-ee1c8e1588d4,baARfXpIm,"CHF34,352.00"
82831523-751b-46f9-8053-80e3e97e7e6c,IowpJ,"CHF66,901.00"
202e637c-218f-46fd-b432-adb43fe40acc,KtYFT,"CHF57,526.00"
372ce289-92fc-455f-a585-09c7562be9cc,QRhLxgh,"CHF65,810.00"
0c4b2078-c27e-48ac-b867-14db1c647225,EJBWhbozA,"CHF29,422.00"
6a08d9d6-893e-41b1-9be1-c55ec1a24b0a,IinxRz,"CHF48,133.00"
1545d78f-4ba7-405b-8c75-8c42454ae0c9,jhwaIn,"CHF62,555.00"
85fc4c8d-864d-4ce0-bd4b-6dbb4d6ac978,UxzoFfXF,"CHF46,392.00"
b95a1f15-4a19-4656-a3f2-6cbbe2456b1f,SmpiKcGa,"CHF63,445.00"
0f8feace-271e-4530-ba8d-234e968df5c7,opJFAMj,"CHF42,800.00"
7827a032-c586-477d-b5cc-9430494bff41,mqpluJz,"CHF62,225.00"
962efc94-f086-4368-8930-9050a3ba76e3,CgkAEfa,"CHF44,650.00"
53f09191-4450-457f-8adf-f85a2404d76f,fEchzbwB,"CHF46,422.00"
7c6e3b61-746e-4d68-b4f3-ffc59e9b974f,tdwjaKk,"CHF60,370.00"
ddf81730-7b91-4544-bded-7d51238f9242,qTdcfgmYE,"CHF57,469.00"
9a4cd04e-4fc1-4212-88ac-9bb767cf7781,dWbiko,"CHF32,167.00"
406849d6-be4c-46c6-8920-316f4456fa25,eXcRiH,"CHF53,519.00"
a1f23b86-ff74-43a4-88a8-64857fd69182,FpHmR,"CHF64,090.00"
6b537b4f-6dd0-4d23-9492-1e3dbbd62458,hwQxKaq,"CHF28,627.00"
ccb2b242-c015-4fd5-aa69-65a921269815,WHmWSre,"CHF68,053.00"
c879cd6c-6c2b-411e-88e3-cc5ccbb5d72b,QMspUge,"CHF25,503.00"
16f11647-60e4-4a76-bc7f-d955a455e239,RfPtwYd,"CHF25,146.00"
7e2596e7-cd6a-4dc9-8029-409f5240596a,nwqQAYg,"CHF50,598.00"
5e22115d-58aa-4167-8430-8a0b29c35934,NQfdX,"CHF40,691.00"
f5c093d0-b4ac-4c06-8869-a9a7f4d1ba30,tUqJHlR,"CHF66,984.00"
571caa58-e91d-499b-856f-b2d258b26621,MCPLA,"CHF63,288.00"
87251e3c-d0c4-4c4b-90f3-7e4a64a630dc,lSIYJm,"CHF42,617.00"
24666b9c-5329-4280-9ca5-536bde3ad15f,wNxfzoEp,"CHF45,044.00"
66fdca3e-ad29-4852-8069-5b11a4337282,OTyNJNfkP,"CHF41,413.00"
aaf1b0ff-3783-4f62-9287-6e3c561a7dc4,hUMJPYvCi,"CHF60,384.00"
1cbe6d98-6f7c-46d7-9a41-fcb59d014536,majgDMa,"CHF29,041.00"
dbf30aad-a45f-4f73-989e-c0f3ae745d52,rfwDzQgPn,"CHF68,130.00"
d4cd3a41-2131-4262-abc1-378db549e408,WYtdC,"CHF48,262.00"
f578f7d7-06a9-447a-abe9-e7e061a478c9,Dhnxr,"CHF27,950.00"
d2e578f3-20ce-43ba-a2b6-d2824f862a0a,nATdWYr,"CHF43,398.00"
8fe5ed89-37e5-4216-b5f4-4648ab0b0361,eTPMVehh,"CHF50,649.00"
6f8c323f-b88d-4fc4-a56b-0fca651d9ea8,iyEpBH,"CHF55,666.00"
67c9ed35-66a5-42ee-b4ef-05e0329d6b9e,GfXyuPqGC,"CHF68,348.00"
0971d806-0924-436c-b27d-7829902744cd,fbYJQY,"CHF40,461.00"
0b408aae-1b3c-48fa-b40d-e75e2f55c977,MFOgHM,"CHF27,183.00"
699682cc-c6f5-400b-82bc-522a33dd9eb6,IVRupH,"CHF51,364.00"
92b51b14-4211-4422-bc45-b6c85d4997df,CxFaY,"CHF42,024.00"
10b0454c-6f8a-4fae-997c-7d6cbe2ce33c,HpzrGP,"CHF40,132.00"
0858f49e-7c4d-4b0c-b0ca-ceb867b8de7c,pbGGEuC,"CHF70,841.00"
acdd4bf7-1b77-4f81-9f4b-a7afb220ddda,iDgqQwGi,"CHF65,819.00"
589d7aab-0f28-4bea-9647-49fa17cd8d8d,OPDEkd,"CHF39,973.00"
b94d62ab-cbf0-4aba-9a55-004513ddbd3b,gItnbIql,"CHF62,493.00"
8d86ffb6-ba01-4f76-86b9-8d6733658300,vnPsOUF,"CHF30,804.00"
51ec5005-6390-4277-ae76-f0b0d15e2a2d,LNfLJorkK,"CHF64,025.00"
d2e59862-20aa-4955-864f-b79fb2a5aeed,CwPLGon,"CHF61,395.00"
d6a47055-1233-4be6-b750-2a1b9b30009a,HmVMqMzJK,"CHF25,582.00"
f756d93c-8b51-4db5-847f-ff5fa63a2633,ehwpcf,"CHF52,822.00"
8550c486-99d1-4518-a010-da818b75cc19,vdERdjc,"CHF46,706.00"
03f742af-101e-4e3b-a3c2-3c38ca3bd3cb,pxNOBcG,"CHF61,435.00"
35c2c843-6276-4c6b-aa9e-5dee22366d9f,VXbhhLP,"CHF66,134.00"
acf5220f-aa83-4308-a68f-af66b804fcb9,gmDgs,"CHF63,379.00"
ee23e2cc-0b9b-4c27-a066-8e65591de307,qhvXO,"CHF47,351.00"
a2148e95-ff35-46e0-8b8d-6255f519a01f,epgksxApN,"CHF62,857.00"
23d73d2d-fea9-4610-ac6e-1bfc6d70485b,KFdamOMQI,"CHF58,823.00"
eb45fff2-f6d6-454e-9ff4-212eaab699a4,YHraKi,"CHF28,007.00"
efb8b778-83b9-4196-a44f-b6829fe14229,AwwQoSGk,"CHF58,854.00"
9a4a7854-a785-47ba-ac47-58636db1403b,YxxBz,"CHF68,474.00"
80282297-ae6b-485d-8f27-1bb5ad95e601,wbMwMGrym,"CHF51,416.00"
bc6777a2-fb42-4e12-837d-63a040d67cf2,jxGfR,"CHF62,993.00"
4af6ff28-8f35-450d-b29e-905a668b64f4,ufPmx,"CHF72,412.00"
903089b4-d7b6-4a11-a7dc-7038edcba530,caUpspW,"CHF68,302.00"
fc7b5e01-7e75-4147-99cf-c6b972764cec,xnKRhvnbz,"CHF51,589.00"
2bf35665-623f-4dae-97bc-28889fd7a37d,qtFlhmv,"CHF37,607.00"
eb3da955-3896-41c2-aa2b-16b7034da0dc,EFcdHQPd,"CHF61,742.00"
a9125a65-e140-4a75-a413-b1f0f9d17d75,qkAtXLyUW,"CHF56,495.00"
523a0a1c-e192-42f6-a172-079b617992b0,uLeer,"CHF46,206.00"
08c201cc-b43d-4b2a-a565-c8608ad7d09e,whoYopB,"CHF50,913.00"
30ba4305-6811-4458-b364-a3529ab48641,GyCiXj,"CHF47,729.00"
f239e55c-d270-4cde-927f-8e200da098ba,Ojjczyi,"CHF58,349.00"
635affa0-dff6-4498-99b6-8652f965b745,eCODbRh,"CHF55,339.00"
e31f6e13-d081-48c0-ac9e-827e6f59ea15,khOxF,"CHF53,170.00"
a0bf86ba-56fc-4e4c-990d-80b33f3ed256,nTFPDsjyV,"CHF32,130.00"
a111bdbe-4103-4389-b7ec-56d857ee3713,xjESX,"CHF66,929.00"
97841fdb-5185-4495-92be-a3ba0c16e81b,FIeQYpoY,"CHF71,422.00"
e34217e3-4acd-44e4-a2a6-29ac2deb1e99,yvpXf,"CHF56,927.00"
bd5ffe6a-0196-4f2c-a6ac-5ffe6701fb83,GQRqezgL,"CHF44,117.00"
0919fdbe-b3b8-4f6c-a96a-d2fc5098f87b,fTMaAyjXI,"CHF52,192.00"
dd1a400c-7b1d-4058-9596-6e11fb2f103c,RTDMkg,"CHF58,597.00"
7ebe736c-c74a-41ac-a2de-0118dbc83c24,ncCrWoqI,"CHF46,995.00"
d117f454-1612-4563-b242-7fe8bd5e3d21,ldJbr,"CHF50,138.00"
da35f997-fe9b-4fde-b567-8c980f2db416,KavzqGs,"CHF32,881.00"
79976570-b2fb-4cae-b9dc-0e1722a1f1a8,LBtnlFpSm,"CHF38,515.00"
2c3333f3-a288-45c2-99e5-9daf132a2acb,dYgWXDX,"CHF51,667.00"
b776e39b-903d-46ce-bd94-31f21deeab65,xNWBprl,"CHF35,793.00"
e4f109b3-f35a-4c33-b0e7-1fb92e9443c9,mTPPphPu,"CHF42,924.00"
10a63bb0-09d1-4178-b41e-fba5b959f163,PLnGEymG,"CHF66,652.00"
83549dea-4743-47f4-ab1c-374df4b4db02,kFeej,"CHF29,781.00"
5cfbf08f-f0a9-4690-ae34-1c4d4f465376,SSwsDom,"CHF28,268.00"
f92d5a2f-c773-4130-ba0f-fd71833ef390,DLALezSg,"CHF29,566.00"
1dd675a3-51f8-4af1-918c-728624a20fba,RHTnvgJ,"CHF57,530.00"
925aafce-1d5a-4cf8-b507-9cd07cff1641,fKgOrHS,"CHF59,551.00"
43e182df-64d6-4eeb-8e20-3ca523830e8f,PYQAJHhAV,"CHF39,236.00"
90f53f44-fff2-41b0-8144-9f0622e96b6c,nUuSQ,"CHF40,085.00"
fbab8614-fe26-45d9-b7f7-44752adc57aa,WLUHALSP,"CHF48,170.00"
8d10f7e5-0bf5-4911-ad63-02c1b9477bc0,vGRKWAUK,"CHF35,391.00"
26fd2498-e039-461b-8586-94c1d099035c,ivNwWlzr,"CHF71,072.00"
84129574-86c2-4d9d-bad8-b51877725a21,TOVFJn,"CHF37,535.00"
e0f2540d-ecff-4825-a6d6-02084376af78,qSYiOzpm,"CHF46,540.00"
518a3fff-ea2b-4707-a423-50f0a8d74582,Kxsdzvn,"CHF38,472.00"
9d74ab47-c868-44a2-a0f4-35f4f8077af3,zQSWAgFq,"CHF43,719.00"
d5ad75ce-da9f-4279-af04-2d2fca0ff553,QwEGpngx,"CHF33,703.00"
f6c9adeb-c9c9-41d0-b977-12520fc21b3a,BgwsJx,"CHF45,808.00"
a2a9e568-f51c-40e2-9b9c-a48c5c617229,uFJSchGy,"CHF45,128.00"
9ef83dc3-5cd9-4827-b411-e8bdaf12bff9,YtKfimA,"CHF65,655.00"
58dd3eba-1865-4ac0-a093-3fd123893ad0,uvVpsTR,"CHF39,216.00"
135f0222-a809-46dc-acf8-df5597e0d197,WqXmv,"CHF45,824.00"
0db779a9-f8be-42d9-a5d8-95a6d1bd3fcf,NwAOmNU,"CHF74,881.00"
85f9878c-0df5-42af-ba96-9045b4a74b2c,JIycXWR,"CHF39,955.00"
2ad37739-7a2d-441b-af68-5fb0cd4f2bc9,JKqiD,"CHF56,572.00"
92e8c9ac-55bb-4942-9527-68121a9b83b0,nlUgWgO,"CHF60,383.00"
ba3a8729-843a-4920-bab3-8650919dd8b2,FpxWEN,"CHF56,396.00"
4592a707-e5aa-4227-aada-691d038817dc,MSHfjHu,"CHF65,720.00"
79be8acc-f8ec-43fe-b4d1-9f6d42f6f2e3,doRTgB,"CHF31,753.00"
d1f63c71-cd70-4df7-b60a-a14bc611101b,FGUoz,"CHF52,556.00"
de5a4d5a-7190-4b8d-a5e0-46c5efb818cd,oRsVMBvF,"CHF55,373.00"
14d6bfd4-82d6-4f42-b555-c47a2aa3ddc6,kzIyh,"CHF65,829.00"
4a7b193a-e3db-4d8e-a650-1acbb559e285,hIntSjp,"CHF34,041.00"
0393e989-5497-4b2c-993d-6dea91449d80,xVRcgzJL,"CHF30,675.00"
7e7014a0-03c4-4640-8183-82be4e31d01d,fIykcXBMn,"CHF63,135.00"
11d36089-c2c6-47ea-b9cc-92ced4856fab,QWHVnyw,"CHF44,328.00"
0e681d6c-f6d8-41dc-9f19-099fc0473d0c,BmpgleYiJ,"CHF51,677.00"
9b46e52b-1ad5-411c-8571-d87e4a5f3553,VrbyxtPc,"CHF54,362.00"
634a6091-350a-476c-9705-0f7eeed56dfa,AmuFshkFO,"CHF38,434.00"
58ed13f9-51fc-484e-be2b-5760084bac17,poXBtBwG,"CHF50,624.00"
7bfcbd3c-5bc2-4d55-8478-621c8feeece7,mVVxb,"CHF73,064.00"
49e0d891-523e-44a5-b8f6-cc3ea087d3ed,AfxQhoI,"CHF43,444.00"
506f1f69-7f4f-4c57-ae70-126a698c4406,jCUMIYhX,"CHF27,905.00"
000f92e5-7416-4299-99cb-4359d0918a3e,xzHMdp,"CHF53,093.00"
be74a257-86d6-4ae1-806f-6c226f5a3f15,wDpAjH,"CHF69,395.00"
fd490ad1-324f-413e-bfc5-f5b9e276de61,ouDyh,"CHF52,550.00"
8f217c8c-f484-4f22-887f-a9116f97cfb5,eoCsvwQ,"CHF62,467.00"
34ecdcd7-e370-4b4d-a320-4ff0c2d90da9,wdJIOeR,"CHF51,727.00"
db3f43f6-ab61-42a1-b120-e2a5e3031a67,uQoqCLly,"CHF54,755.00"
f7f1def0-2d87-4cb1-bf81-fb5bc7227168,SbLKIRL,"CHF70,702.00"
7a981ba6-50b3-44ce-a414-a32afa921895,DIiud,"CHF38,011.00"
e5961ad4-df02-4151-be4c-d3aafcb33ba6,QCDNkRjE,"CHF37,993.00"
1f6c8b79-c9a8-4165-b541-54555a916468,tkmny,"CHF74,022.00"
db0cd8a4-a8b3-4ea8-a5c6-45fa9c1404a2,cJXVHx,"CHF28,337.00"
6a4c6af4-2947-4f29-965f-e91cd8f2f1b2,hRzutoAzW,"CHF38,727.00"
13419af0-5977-4772-acbe-5084256ca98b,DSeXQpRan,"CHF40,218.00"
1ea90868-39b0-4eeb-bb36-f465c04a2968,uuYpw,"CHF57,245.00"
d498c260-8560-460b-b7a4-87f749d2631a,aNjeTa,"CHF43,843.00"
a979c7ff-6494-4d5a-b39f-bd503a2ddf33,dlbHCf,"CHF50,539.00"
2ba0e1b7-f6b5-402b-a193-5d05abe6c6cc,LSEzdwm,"CHF74,491.00"
b48b1e68-f2e7-4ff9-95bc-f2fd47f64117,nsJVUuXY,"CHF31,546.00"
de141393-2e79-45b7-84ee-1d9c8e08211c,XQFTLuP,"CHF67,893.00"
883763a1-b1ae-4112-a231-6c2b11e4dd7c,FjKJeNmz,"CHF40,313.00"
5f0dbc93-ab58-47b4-9776-2be13874a61a,VUtLreH,"CHF54,327.00"
21f3d963-ef1d-4c71-8851-169fcac031d1,WpRWWgzzM,"CHF48,047.00"
a587917a-2abe-42ce-a618-3c4b536c4e4b,QpGkwxM,"CHF36,685.00"
1fa91c5c-686a-477e-800b-493f5a9aca6a,scWSt,"CHF43,704.00"
39c329c1-b331-47e7-b4d5-166eec95eb5c,tJCaqXvr,"CHF47,174.00"
2c43e04b-5d9d-4c05-b0b4-f62a552fdf5c,mutGmt,"CHF61,857.00"
fca1ba19-5c7b-4f5e-ad67-b76cb39c5782,lIslivx,"CHF74,513.00"
73c26606-7fa5-416a-aa90-7029e2c1f478,lScocvNp,"CHF60,839.00"
0c0d4664-3f6e-4643-be8b-e5af007d9e39,DqaVrif,"CHF52,175.00"
e10398b4-d687-41ac-abba-1c10c9154317,npMbujrrm,"CHF47,727.00"
4aeee02d-af85-4445-ac0e-ef44b1390eb8,jpcGtzYT,"CHF41,991.00"
e53f865b-a96c-4e88-b133-a78e1be5cc65,uWeFsQiy,"CHF54,375.00"
5ad18b2c-c77d-419a-a426-f5c6a67da764,wkVooX,"CHF61,593.00"
fdd1e7a3-f139-4293-89b4-db74b982ecc7,QLTTF,"CHF42,618.00"
494a9972-5ddd-4ec6-9b33-dfb4539186fc,opGqYoyu,"CHF58,766.00"
481544fb-682b-4325-a10d-d69d928e7ed6,AuVKCI,"CHF28,909.00"
3eee501d-f99f-4a57-9d4d-1690523ebe00,mFzEIpWMO,"CHF57,758.00"
8eaa3b4a-b3f7-4712-bc55-1f6350fc43a9,fxLrakwPU,"CHF29,127.00"
e128fd02-452e-4ca2-8a93-18d04f663778,zBhtffMfp,"CHF38,548.00"
18353f2e-e331-4469-974b-8875c6cdff0f,aExYOyaIW,"CHF44,174.00"
cfd5ccd4-284b-42c0-ba3c-895bbbeff0e1,MaSChzt,"CHF38,499.00"
fc34a5b2-b807-41f2-a189-ab1a29eabc7c,wPcIv,"CHF60,519.00"
d12a9459-8506-44ea-8a8a-abfb0942be9a,dbMFKoU,"CHF59,898.00"
5def4e8c-c0ab-494a-a752-f3fdf3a065b3,FKduozr,"CHF27,055.00"
82bc65e5-dc12-4212-9f54-9f836421b642,wpHviH,"CHF56,620.00"
f8dc1dab-2bdd-420c-bc4d-8ef2007301e9,ODhsa,"CHF28,884.00"
de256596-daf4-475e-b94a-5327774488bb,BKSsCSkRH,"CHF58,375.00"
400b27ce-c146-47f1-9dec-3b21e8e4f77e,PAuHtjnLJ,"CHF49,017.00"
ae02fbc3-3f60-45d1-b65b-e2d3238a24d4,cqDxtdmuY,"CHF53,188.00"
fd91b848-706c-4b6b-9344-4cb036a7bdb7,JEiDXWral,"CHF42,894.00"
475d76a7-6661-4a0a-b7fe-cee1cb9a523a,RAjje,"CHF64,352.00"
20a337c8-4bb4-4859-a870-ccccf30ee217,foApW,"CHF26,240.00"
78516110-0480-46dc-ba71-e4b06a2f8f7c,OUOgqPVbz,"CHF60,153.00"
c733e52c-a498-49c6-a61e-0ccb3b0b9a8b,lLKqznoLt,"CHF60,530.00"
1367828b-022b-4503-b996-f8463e556aec,qliPsfzP,"CHF26,118.00"
2815da3f-f014-4a03-9577-925b56bb3f2a,szjdkoJ,"CHF29,497.00"
17e1090c-2f3c-4698-8568-2c2b09e9017f,VxmIqhNOG,"CHF45,117.00"
371636c9-8c1b-47a1-b235-886729460e11,bbNjHbCSY,"CHF65,224.00"
7da18bc0-0171-4fe9-a187-bddfc9e59ce3,DnTzbr,"CHF49,692.00"
5a18c4c2-29c4-47d3-99ef-dce4b6b9a0e7,xnkDDOYAT,"CHF59,579.00"
3a55a45c-50ff-4018-8c8e-5741dba6355b,nXqje,"CHF69,972.00"
af00c8db-ac5e-4494-bddf-a2f06d7bbab3,dxwQOkex,"CHF30,896.00"
82a6ee71-554c-44d3-9c54-6042f9b48bc6,aDpTOCn,"CHF55,221.00"
4c12271c-d9d3-4bad-8d52-fda8c9ae6d43,JpncEBA,"CHF51,976.00"
bfe6308f-ef64-4300-b9b5-e86b64a4f846,WClGBGD,"CHF35,530.00"
da4d3520-e9c3-40e6-9a95-d6ec286e8ef5,lsAYHGt,"CHF42,527.00"
0dd74ae3-a3e4-430c-9f6e-8ab90285354e,lRcsAAq,"CHF44,777.00"
204eec96-68ca-4c44-85ab-946e3bdaf7f4,luyeLewp,"CHF71,403.00"
1e477458-0364-4bf3-934c-cd1ebfb57268,OPqOcrRWv,"CHF36,320.00"
da049385-3bc2-4b0c-b89f-4e1d29faf594,QvbfRHpU,"CHF74,121.00"
eb3e5231-bf72-44d9-a8ce-4ef42d628231,kfMVFkuED,"CHF47,922.00"
47dbee83-cdfe-4141-8be9-03ece72a3409,pHNDJoBCJ,"CHF42,779.00"
0587e526-a625-43e8-aad1-63a20d2e945d,GHgkl,"CHF53,244.00"
07ccbb45-fdb6-46e5-a585-f3ba9c0c26bc,giRoQIlY,"CHF25,153.00"
df4c97dd-4dd3-4a8b-9d93-4814d1861b3e,issTKvm,"CHF59,483.00"
6bd3ab85-9c4d-494d-b2b3-b8be817232ed,ULTVJ,"CHF40,302.00"
156a354a-089c-43b0-bdc1-db9d69c5ee1a,yldysWJO,"CHF66,931.00"
73cf9453-c7c9-4cf6-851c-843735d145c4,FgxLB,"CHF29,976.00"
b9d8d69d-a2a7-440c-b600-22de8c0928c4,LpondN,"CHF58,664.00"
f2eddf01-26cc-476c-9e6f-dcbcbd7a2501,BeXgBj,"CHF70,371.00"
310414be-746b-4ea1-9cd7-633174e93ff3,RQOPdirQO,"CHF31,328.00"
9913122d-cb04-4605-96a8-44198150e065,KHVLSDeLx,"CHF31,975.00"
45d1a89a-5807-4443-b988-1d8a04228aea,SkgYvO,"CHF49,813.00"
c667cb38-7485-4371-9b45-90598e8c022c,MUoFsMBmg,"CHF37,284.00"
a3019eea-f807-4e1c-bc7d-b26894331b56,CEfFzE,"CHF55,304.00"
db01547e-0acf-45b9-8795-a38166866df4,bmIEjuXl,"CHF55,806.00"
d88bc3df-500f-4a84-b373-d57ffc129902,VPAsDRB,"CHF42,979.00"
ce5f526f-d786-4143-80c7-b44fbd322942,nxJAmB,"CHF72,895.00"
8aa1a752-27bf-413e-81a3-32397e912241,tgDnd,"CHF49,847.00"
8ba12b83-e7e8-414d-a96f-83bfc9152051,VxELLVru,"CHF66,497.00"
30c4c026-1264-456a-aff4-e8407557b68c,lVTKVB,"CHF46,702.00"
f4d619ec-5f6d-451e-90ff-c8cd9a386937,jpkSDj,"CHF42,663.00"
b37af456-f49d-4e16-b431-cef318aebf5d,kMEvKrlJ,"CHF59,849.00"
2c8c0f54-90d6-4f6c-a705-aabf29b38378,SNbVpI,"CHF73,808.00"
8d3183cb-8036-45ac-9fd6-810d21f43ddc,bUAajAU,"CHF26,421.00"
e7ab172e-0691-4176-92c4-cce76569c9c2,veOcfNOs,"CHF60,958.00"
6bab52c7-a366-4d00-b16f-5921ff6c7709,eDXKwLfX,"CHF62,372.00"
0e9d0a82-7be1-47a6-9f96-d6d5644a9d2a,krjCJ,"CHF73,885.00"
d40428b1-348d-43e5-8b90-85f8455d3abc,NVckJgq,"CHF39,341.00"
222cc7f9-3eb1-424c-a72c-82418c80d8bb,Wfdtx,"CHF57,836.00"
fb81cffb-49a2-4d70-a9b4-e5823c2cd62f,jSLpohR,"CHF27,816.00"
8474f70f-581c-47df-9fd9-c017dadf7f26,DePJTn,"CHF67,934.00"
28c1ed1d-c229-42c3-b14a-2ef1222918a0,BQamkSs,"CHF40,614.00"
ce0e816b-52f4-407b-8e0a-3bf912d54d63,SvtyjdO,"CHF38,049.00"
bb961284-f4b3-4222-9bd6-9b05e25b5771,OonEdAv,"CHF56,461.00"
ba927a6a-c058-4e76-8caf-5d2d58fb5010,jGVwJeYAj,"CHF59,426.00"
929caf7e-1f5a-403d-b1db-9b14a8d8a8ba,afDPTvFXd,"CHF66,342.00"
1184be38-e9fc-4abb-8fb5-bdfbcaacf150,flIWl,"CHF60,563.00"
30a492ac-2df3-4f02-9c4a-dc86d896a56b,IepMUYR,"CHF70,489.00"
efafdb20-e437-4d5d-bdf4-e93bf0256ddb,yVbVB,"CHF57,162.00"
4130533a-bde8-4ecc-8a87-0694fbff0b35,qFjcN,"CHF35,985.00"
b082838d-244b-471e-a746-3bb02320eccd,LyJuXQ,"CHF43,469.00"
b2f7a827-8a34-4fbe-85d0-f97c3a8848cb,wBjEGmO,"CHF60,787.00"
54caa2c6-1699-4171-8508-05d2e750343f,JlUOn,"CHF51,422.00"
73c3df8b-e6e5-4eab-961b-fc08726933f9,OWwAlmx,"CHF30,565.00"
aff51c19-0aa9-4704-865e-9a64532fcb02,lyhyjbOcu,"CHF64,891.00"
796df416-b05c-4dd6-bfa5-10de22433262,eoFCCIBK,"CHF58,561.00"
7d5eef6b-6872-46fa-bdb7-1fa067ae8cab,oiitvbBn,"CHF34,388.00"
b0179aca-5b5b-4c86-be1d-b6ed74961298,QNfhBrwc,"CHF43,265.00"
6f2ba03a-7e33-486e-b53d-ca6621505d66,YbpbFsN,"CHF35,153.00"
1a9fd9ce-5cd6-43cc-b80c-c6a94efb49a1,csLWbBdY,"CHF74,133.00"
a68c3210-e4e4-4128-9278-066cd9275154,MRMOFx,"CHF54,028.00"
cbcd1f07-086f-4300-8460-656e987e5022,KRuaCxp,"CHF65,925.00"
3bc5b548-3edd-4865-8694-fdcaacae8bb0,ESvdx,"CHF59,353.00"
2a61b8ef-e77b-4165-a8a1-48b49ae4b420,KiobQFIt,"CHF69,157.00"
b271eac7-9658-4dab-ae07-4e6ea74c2abe,CdLKgs,"CHF72,719.00"
923fba51-3c1d-471e-8f8c-d22323dedcad,XXJtL,"CHF68,307.00"
15422da2-419c-4c38-bd0e-33e472025ca0,xyFYDpELd,"CHF42,277.00"
63ff65ce-695c-4cf8-97f0-4a5842c4027d,QcxHbOU,"CHF53,923.00"
e6be1225-dd6e-4774-85e4-47e6f1a4530e,pgHxAGrcW,"CHF48,045.00"
f4845f8f-8926-4f7f-afc7-8e140738229e,nxLDjhMy,"CHF46,994.00"
84b848dc-9098-4273-a458-ced61ae22e7d,tJRywGomD,"CHF59,572.00"
cbe875fd-e716-42e2-8aab-0971a5c1b504,aiRHxD,"CHF28,436.00"
3b0eb32c-9049-4de5-91e2-17ddbeb020a6,tYQMEkRaD,"CHF63,385.00"
bba530da-ac12-49af-a205-2709ac3db0b8,yjJbCb,"CHF67,309.00"
7f15a436-e8c9-4cff-bf49-b49d8693a706,AnqYFgQ,"CHF30,023.00"
9f7eb2cf-7a30-4218-8872-823e6f4a725b,cFDFdR,"CHF64,507.00"
fa3eee9f-b922-4853-bc21-e59846d5ac1a,hCAMhDJI,"CHF60,173.00"
9a48c458-f741-48a6-88e1-fbab26b06175,QrfdhevmU,"CHF44,736.00"
f9ce73cf-9458-4488-a33b-b6d1b45c65a8,HaCeBF,"CHF73,904.00"
c7d1856c-07bd-4c53-9a4d-061fc1a6a8d3,hRWCCflyw,"CHF56,225.00"
d6a6ad14-8efc-416e-a97f-5b141ae2eb9e,VPwwyRsbr,"CHF62,083.00"
9892a510-b2bb-468a-bf3b-d509e2ab2e9f,pbFEDly,"CHF62,004.00"
cb63b86e-0bbe-4e61-b390-67aab8015db6,gLEhkm,"CHF31,384.00"
ed90e01d-687d-4016-b34b-28eda857759b,MRPuXsjTA,"CHF47,879.00"
50e20c56-e408-45cc-8e02-304125f0d5aa,AIBtc,"CHF33,727.00"
6d0435e5-0930-4c21-a574-ab7756c372e0,ibHDJ,"CHF44,171.00"
92c3abf7-6d90-4a74-ab64-2cb2bbb75a4b,fkIEyVn,"CHF43,259.00"
5f668741-bda7-45ca-a331-9ed9fbce1e95,bxSnOF,"CHF31,623.00"
ae312a3b-0c63-4b96-b103-df792a3f31f0,hBrxat,"CHF32,954.00"
46bc7436-a6b2-4f33-bfd5-3e67f5d3bc27,pIvGN,"CHF66,889.00"
75d23cd4-c651-45e0-840d-a29e422958c5,BBpnaHrM,"CHF63,404.00"
84b92986-6d6c-4c6a-a49f-2b7756951bd8,JdcynD,"CHF42,033.00"
35a7d019-bf4b-4f2f-8418-8e85f4a8a4cc,RlQHLPD,"CHF46,335.00"
f046e552-0539-4c99-9ec1-22d34faeea30,xhNmJMBfr,"CHF52,310.00"
21ef2355-29f1-4c4d-b6c7-12b200fcf726,OQNMyqEcc,"CHF28,726.00"
20a04bb4-9b77-46af-9881-d72aad88b732,DjIeFVb,"CHF61,033.00"
85cd42a5-f8e7-4d61-9543-ef3404c4f618,aMhAnYGvn,"CHF41,994.00"
1ee9471a-772e-4f4b-8d25-cd1fcad973a0,DQaqT,"CHF63,065.00"
a55822ac-3320-4e92-9e28-e260eb42053e,Hszswz,"CHF57,719.00"
e14a7b13-651f-41d6-9c6c-6b470352b6d0,mwEqlr,"CHF34,653.00"
6db81a07-faf6-4129-8770-24a58230a05a,fuJRFnz,"CHF32,617.00"
520186fc-f727-4088-b337-65bb0a5c643a,uqhYpnza,"CHF37,166.00"
2aa34ffd-b6ca-42b5-bc57-de1d5089e2fc,WELnskEHU,"CHF33,133.00"
9eb6acc5-055a-45a4-8b5f-84a16c68be56,gIswEC,"CHF42,552.00"
63f40ccd-c286-407d-ad78-7e8e7e2d8fa1,sLByFXJEN,"CHF64,130.00"
3911df28-8a31-4186-84c4-f84271b86f76,LRNSYrl,"CHF65,754.00"
8a25400d-2813-4642-bcef-6e3301c967a7,SMkQDcTYH,"CHF47,802.00"
39f44e37-e33d-42fa-8c34-a80acbb58140,vVTuMc,"CHF52,318.00"
d71d6f53-b996-402f-bd4f-b95183c67432,GHqCCO,"CHF32,353.00"
3b3ce75e-26fb-43bd-aed9-002eab777dbd,oPHdGeEab,"CHF51,175.00"
723431f7-c8d9-4d03-a5e7-c4ebee8a192c,GyvCkf,"CHF55,181.00"
33273589-a3e0-4e68-b5a5-828ca4aaaaf8,mjuMqqmh,"CHF33,175.00"
ec071a55-ccb2-455c-89ef-3538d7abc83b,lpYjWGnOs,"CHF30,731.00"
fa7ba9c9-3f94-4e4d-9b6f-4520679c639b,cdvlrMQdj,"CHF45,068.00"
9a6d92fa-4594-423d-b050-ae9ad739eadb,ULfBCO,"CHF67,770.00"
15855fac-4a61-43c0-bbf0-61e5fde96778,seFcQag,"CHF47,936.00"
f8323bb7-0a68-4eed-a3b4-434c17e101fd,TtaSwda,"CHF47,154.00"
bbc36f54-16f5-4495-ace0-ed1b082b6e1f,DzmvXB,"CHF54,828.00"
80bccb9e-0d97-4f40-9a8f-a435e2f2bde4,DUneqk,"CHF37,285.00"
d5ea195a-6f67-44bf-babc-19be7d52872e,BcCjrpBd,"CHF37,756.00"
60cbefb6-3cef-4056-ade1-3cea57634dd2,kBhUg,"CHF56,820.00"
0c50adff-bdea-470b-b9e6-bb4cd3006fdd,OBVSqNcjS,"CHF72,103.00"
2b1dd44c-bdd4-41a5-a678-1afebc5f9876,KIwXPOV,"CHF30,156.00"
c4679fcd-f56f-48c4-8999-1b0841b90028,kcTfS,"CHF61,598.00"
fd3b398f-c2ea-4f37-94ce-262cb8f75878,hWaul,"CHF51,138.00"
ca9279de-e042-4b8b-96da-9f91fac9a7df,NyIbS,"CHF68,859.00"
4665d66f-75af-4437-9067-478a4d7bbc24,IgsAQL,"CHF30,745.00"
5ee324eb-0ed7-461a-9ddf-2439026f050b,NBLehnV,"CHF51,168.00"
698b3ec2-f46f-4bde-a078-61748d38feb1,IcbRAk,"CHF49,713.00"
a232e633-a012-46af-b241-6d88e3e35dcd,zFUXaVo,"CHF74,907.00"
86491abd-72bd-4378-a33f-61f2e491590d,GiTSfFEa,"CHF62,525.00"
cb1bc8ea-3362-419f-938a-50495f301cdc,XytDmVqVL,"CHF42,528.00"
ff5ff100-6e34-436a-a7bb-804dcb2410ed,DmgyAFs,"CHF63,621.00"
0e15b15b-c13f-414a-a93e-2921768f9ac2,LXILDrBnr,"CHF45,787.00"
65f695a2-ebf8-4470-9d78-3466a765be93,FRJIbhpQF,"CHF64,398.00"
4c481df6-2e69-4e56-a4e0-e116136b19e4,umQMz,"CHF47,607.00"
8f7c2396-28c3-4735-95f8-a3e712beda68,lNqcnavg,"CHF63,386.00"
ddda7d56-e50c-4c5c-9c76-8f768d1a0511,nnxoSmFi,"CHF51,436.00"
80fc9029-574a-4317-abd2-ba588f6870ec,OJTkbnXG,"CHF45,307.00"
c32713b2-4f9e-482b-a286-73959fa8926d,HIOtgl,"CHF32,359.00"
98ed4e50-882e-4293-990d-c82841c754d6,cQHMuXNY,"CHF54,329.00"
83882dfa-92f4-4038-9b5e-bd521113a9cb,gKSqfwK,"CHF64,149.00"
1772ae3e-7cc8-4a5a-81fb-f0a73f3ef032,uKvOk,"CHF65,356.00"
89cc7c6e-0285-4730-a92f-083af5171697,atFPtEdbT,"CHF73,500.00"
8fe52f6f-c024-457c-ab6c-a2a2a036f360,YNIVgYdQ,"CHF25,292.00"
a70a2199-4485-4319-aa9d-45c3f30d7843,gtyUUA,"CHF49,017.00"
b4d65c53-2d5c-4aca-ac3f-216f83a46419,MbqOjSC,"CHF55,740.00"
4b9ef200-e6a6-4cd4-82a4-b5c4fe8c0e41,anvoEaCkL,"CHF72,394.00"
20a82b53-1c9f-4da2-a97f-25e504a75145,bmukhyLSb,"CHF64,145.00"
d34d6269-36c6-4555-b58d-1e24baaaa70d,yyljzowv,"CHF61,228.00"
88ca64ec-55ba-4e53-a2c1-1e77f480ad56,fXGpeMmvG,"CHF42,998.00"
9482c945-c818-4d13-b09a-6d7d0d04aeef,iIOACu,"CHF62,932.00"
9ce7b9ab-320b-4fb6-ba47-7ed526b9944c,UrBCgKusi,"CHF74,909.00"
398e32be-4223-4319-b387-d6fcea94bae7,xhFTpwT,"CHF32,421.00"
ccef44df-eb4d-45b0-892e-9f2ba4aa13fd,KEKXtxi,"CHF35,303.00"
f40ed6db-5d7e-479c-be01-2b24ad0932a0,wffLhF,"CHF60,074.00"
b47d2e87-fde1-43b8-b19b-095ac317393c,tqGJF,"CHF36,889.00"
b340049b-21eb-48f7-9c04-19a614ae17e7,HQTRfi,"CHF32,612.00"
df032322-ec0c-4c7b-9c42-2f73f4e857c7,bANlMIqR,"CHF59,820.00"
1aa2e543-e6f4-4910-a47e-5f2eccb950c0,vMEpJEImo,"CHF57,070.00"
07d52175-e23e-480e-aacc-1a8a53393a2c,KwlARVy,"CHF65,753.00"
153f51ff-38cd-4617-9022-681ba1f7ad35,QNAgibTaW,"CHF25,118.00"
74ee089c-7ef7-432c-b848-16dbbf2e8fcb,TekRcAY,"CHF60,522.00"
60ca0caa-7ad4-4ecc-82ba-1b2c8d54492f,fHAKTRHGY,"CHF42,343.00"
555002b4-2a21-4d23-a929-8aaf73c590e4,HhxIbp,"CHF70,147.00"
82b00087-b2fb-4918-80bc-fec6367cef4f,NyAxTLy,"CHF39,403.00"
36d464b7-f9f7-4e9a-9309-d6b2536dc58f,QyBNHK,"CHF25,281.00"
b81403f9-37c3-408d-b61b-47ce8e423c3d,OxWIKAA,"CHF71,512.00"
940b8e7e-2c5c-4bd3-943f-fc520b7161e5,NGGwIJMMg,"CHF45,151.00"
51a1b09f-3f26-44d5-bf63-feb32ca6afba,dGxpCeJeU,"CHF70,758.00"
e2a1458a-b900-4640-8ff4-38f2d6ed0326,ERaWLm,"CHF59,524.00"
a7c343d5-45c2-466e-84b5-f5edeb4e1346,bLHgOaS,"CHF46,085.00"
c030c53c-6e10-4647-8368-7cdb13857128,wzDTleR,"CHF55,651.00"
d47d465e-6077-4b8a-91ef-c4ab278057ea,EGgce,"CHF26,371.00"
b10a1565-ace9-4155-965e-089e199b932c,HFsUr,"CHF61,301.00"
e4c1a5cd-749a-465a-a47b-2e702795958f,jQuGf,"CHF68,001.00"
b7577bee-b34b-4b7c-909f-8a798cedafcc,dwAUsGyS,"CHF38,489.00"
8edddf7e-9d81-4c21-aa53-d8d8cbc46896,ykHmzRIsj,"CHF74,469.00"
8dfa379f-3b8b-4c2f-8b01-64ca830db609,latKmf,"CHF29,240.00"
415df631-cebf-4780-b695-196517e1c3a2,xgbUHRsW,"CHF58,361.00"
c6424c0e-d481-42e6-b11a-458d3c258446,aUsMQYwYF,"CHF42,227.00"
355ac740-0a25-41fc-97a6-d61ce6f203ea,NdBqX,"CHF66,921.00"
4cf61fc5-cfa7-4b33-8419-b6351cf8b375,tcMjRFt,"CHF50,502.00"
b700d4ed-108e-4869-8694-1692d4bd1518,MlJmbtw,"CHF49,470.00"
4bdb9cd3-82a9-48fc-971a-99d8f5b69b45,EJDfT,"CHF27,222.00"
afd5f3b5-2878-4a89-baab-3791fd4a2118,EYHQbjoU,"CHF46,051.00"
39300aaf-cb7b-44b1-9f73-cde331372c0a,lCbImE,"CHF70,618.00"
ae1eefed-8e9f-4586-bf74-641f05207728,KKedt,"CHF31,611.00"
faaea078-6918-442c-89d1-a47705669261,wrLPHkbB,"CHF66,806.00"
53d8a16e-4a6c-42f1-ab61-3daef7e5374d,OTxKnbS,"CHF63,139.00"
13913312-26de-4b32-9014-ac3953c89594,CeAOdvuah,"CHF40,870.00"
fd0393f2-78e2-471a-a5be-8a4375df0cdb,SYLuSsmvs,"CHF59,840.00"
dcb32ae7-f096-4dcf-946f-ab8978c1e31b,SVAwpnO,"CHF72,394.00"
906d5c97-354b-4657-9cb3-d0fcf538b61a,AbGMtgrEG,"CHF29,606.00"
99456d26-422c-448d-9e62-8b0ff6104f77,GMSJnST,"CHF71,748.00"
e27d5e43-1e99-4041-9d69-6f98e10fe381,ogdYyR,"CHF51,547.00"
0ad1228a-65a1-4d3f-8150-8690973193e2,QqJRH,"CHF61,511.00"
734b5930-dc1f-449e-87ec-fe5d000545ce,cvsdQkFl,"CHF41,782.00"
4f4e84be-e3af-4c4b-b5b3-fb33d3b00483,AAmqv,"CHF42,935.00"
009ab197-f874-48a8-b2e5-54766c229a36,sVzXz,"CHF32,533.00"
ded78139-5e3d-45e3-a16f-f8dec0157c06,yFMLci,"CHF47,925.00"
9debbf21-581b-4c61-b0de-40777a3a5a4f,bxsaq,"CHF66,704.00"
4fbb9497-50d4-4563-8403-a7982b2b7a15,XBdINviP,"CHF31,264.00"
9b4edb2f-a387-48c5-8c82-ad1068863dea,SLnMDSIM,"CHF67,893.00"
7fb04301-fbd0-47a2-b0ac-cb7790863842,LyalhagS,"CHF57,339.00"
b4e68951-06b8-45e9-b478-199206a82d68,HNWSlchMl,"CHF49,510.00"
fb4d90fd-5bbf-476c-a093-be71c32b350a,jrBvHL,"CHF68,126.00"
ef5be2b2-161a-404c-9f95-af2dcaa4ac80,XRaMIjaBg,"CHF44,140.00"
3b28ab9a-7e66-4c6b-8c3b-506799ef4388,CpsNoUSxP,"CHF60,431.00"
01843d2f-05f4-4079-9e54-675ada131a09,dWFWRCt,"CHF52,628.00"
34ac80e4-4b20-4f0a-907f-2efc8b241aec,zLXgGSGW,"CHF26,930.00"
a1e4276a-25e0-4994-8f84-f0602107cc47,XlffVCxAy,"CHF50,709.00"
4e5944e4-6784-4e26-ba11-eba1b04421d6,MTJxTk,"CHF67,424.00"
8f425ddc-1a08-4ffa-b4a2-555a26c7defd,kTCTM,"CHF63,176.00"
dd8f0015-41f6-4352-b54c-b632857dd855,IoBhwjHN,"CHF69,413.00"
60c613e6-892c-43fc-8a01-4b3d2b887390,FKzmnL,"CHF42,184.00"
4a406b35-d03f-4c6b-b6af-b0db97f9fd3a,OchGSKO,"CHF44,813.00"
a83dc1cc-9cc8-4e54-9549-f4d5b7a3130e,ApvtATaWE,"CHF57,804.00"
b4370772-ba29-4a04-b6c2-0b5145ff4799,TDBqkNWiy,"CHF46,759.00"
e41aac59-af4a-4316-b8f2-fc22a9093285,WUlkM,"CHF47,466.00"
28c2cbb1-4cbf-4d0e-b7c0-26150e1f2268,IiLzg,"CHF45,407.00"
fb3a2baa-dc2f-4cc6-a08f-d3bdb3a38661,RCEELVDH,"CHF43,515.00"
d17a6f2c-e631-4fc7-a327-31f6edd649d4,hmrWvsI,"CHF57,893.00"
9675b4ac-5d78-408b-8f81-619673bdf2e4,QDUofx,"CHF28,430.00"
9385c18e-676b-4911-9074-c205f2d13eab,VbvrkkhaB,"CHF37,409.00"
b1b0acf8-4ec9-46d6-9e11-4a0073bc0765,YvOxXE,"CHF48,947.00"
c759cad8-9fcb-4343-853e-d57e459537b3,vMqzPx,"CHF62,577.00"
da84f00f-3cb9-40af-8190-bed9b63832b0,kCrQdUBVb,"CHF28,576.00"
5308fcc4-e9eb-4fbc-a1b3-9534fff8a42d,vvhOgomEV,"CHF26,919.00"
1b70504f-3202-4c16-8c51-a7ff3cf66b2b,Xuswb,"CHF73,034.00"
9a2b827a-8291-49bc-b0ea-ab042911ae95,qbBoGCCNo,"CHF31,426.00"
e6d5f2a2-c871-4d64-95f2-2ca040e11fa5,KAObU,"CHF41,690.00"
eac04097-b081-4743-8085-10629f2bcec6,yNgIHJax,"CHF40,929.00"
e1eabf78-3ef8-4ab0-b154-466ee522213f,pykIEU,"CHF57,024.00"
1d3b713e-77f4-436b-adf0-51e4ce95f8b0,jIFxsehq,"CHF38,410.00"
9f2efbc6-de7b-4803-b014-8339ee05bfc5,kaezICcMt,"CHF71,576.00"
115ec076-7bce-4ae7-aff8-ba36b00acf2f,dGkEKV,"CHF74,668.00"
d728cff8-09e8-4c8d-9886-f747af11724f,izGXEgbC,"CHF31,425.00"
5cb4aabe-0e60-440a-a702-32605476751d,ysBEBHnkr,"CHF63,982.00"
fbdaeecd-7867-4fbf-a9ef-2bb24a5624a2,Ezzpx,"CHF46,557.00"
df053074-1745-4f17-8bf1-895c799e058a,MgoXCWj,"CHF57,954.00"
577d26e6-b630-416b-85ab-2047c991ee06,UNeVa,"CHF51,582.00"
2e42417e-37b4-491d-9a6a-0c95bb1df4fb,lxfRjMQJ,"CHF28,560.00"
f05afe4f-ec47-44a4-80ca-cd6a75b27758,FPDOq,"CHF46,650.00"
e37f9c70-f700-441a-b2b4-3f26266124c6,sJnptQCl,"CHF60,158.00"
a7aa18a0-bd31-4eeb-9b9f-f9f4929ef6fa,dTNdTc,"CHF74,341.00"
70bccdb0-217b-4981-82c6-f4dd6ee6bf39,xtIxqPrl,"CHF66,800.00"
2e0fa7ea-7ac9-4aaf-87b9-eead2ca0887a,vfUbIUxoq,"CHF47,022.00"
05f4cb4d-6702-425d-a4a7-d18b1fbf34c3,rvBHvGxP,"CHF32,252.00"
59224738-d64e-44f0-84b4-32324e2a4c98,MFsnHoum,"CHF43,530.00"
ea5f1dbd-8de6-49da-b8be-6fa6e91e6def,QejViH,"CHF32,769.00"
02e18451-a5f2-48d7-a9e6-270130c8e6d0,xHMJG,"CHF28,709.00"
07a92b56-79cc-42df-b11c-85ff3a60e279,WtaAL,"CHF27,543.00"
7b36733b-0588-44c7-869e-e0221aeec512,eCbYP,"CHF43,819.00"
c9d72e46-28c0-49c8-a1bf-b0528d72d9e4,SOtucfGrl,"CHF45,025.00"
bf24d111-1572-4365-8183-ad12f2b4fa51,hckdXAit,"CHF56,420.00"
5affa1b2-26b7-404b-addf-aca1dfbb9848,nEreIddpN,"CHF49,665.00"
fc737050-86bf-41db-bc11-0d016ce3e232,kwxxnoDjG,"CHF50,936.00"
318113fa-e4db-4c93-87c0-302ebda2659b,WmczCIPnR,"CHF38,351.00"
7ec37a0f-ab49-4dda-afa7-f230336d2328,JmGCpC,"CHF73,687.00"
e37ff582-719f-46d5-b0f6-65878e5a697f,FQTKR,"CHF47,618.00"
df2529fd-b61d-4344-8123-5218611c92aa,FscCHgIX,"CHF51,210.00"
e4eb04f9-9d67-4156-98cc-286b1c3292fa,OaALYBAY,"CHF35,934.00"
7b87466b-7734-4684-94f3-32b835786be7,cHyaDwrD,"CHF67,646.00"
799f9c45-a83d-4521-99ff-7aec2362120e,jRnSiIPri,"CHF62,828.00"
2f6ce07d-e52c-4c4a-ae30-62aa88807c9c,yULrjpp,"CHF74,900.00"
1c71b6ab-8744-4be8-966b-b62367064da5,GdOJGmKsC,"CHF41,668.00"
87a8baad-ee5c-4e46-a127-12610b33adb8,ffsByLFB,"CHF59,279.00"
b3901463-7e59-4c52-81ef-215594a1aa35,oRuOC,"CHF32,447.00"
9d064aee-12da-4c25-9c27-9a63f0a329f8,DMRiLJKh,"CHF35,906.00"
81f67a62-2b8c-4906-9e28-39d6e883fcd5,BEejEOk,"CHF27,382.00"
32f3846e-b866-4c7f-b5cc-052e40de9ff3,rWdJnn,"CHF30,083.00"
ca852a0e-1d78-4700-86cd-ae3726edd8df,DknYYo,"CHF66,477.00"
5f8be633-a78e-4140-9b01-4972558f1537,OKqQy,"CHF45,097.00"
2b6f07e9-49e2-4a1c-839c-ff04b9797d08,ixHjn,"CHF53,844.00"
eecb2164-2efb-4af0-ad55-080f0474581e,jDSedcqLT,"CHF52,813.00"
a3dd9205-890c-48cc-a725-768f3003905d,UHXDFYe,"CHF43,665.00"
3158aac1-1120-4ce7-8029-05f6a813380e,bLyRzajC,"CHF65,704.00"
c9c9b0ac-f98f-4673-9f1b-02a6e007f3ee,TOuYODdCG,"CHF67,623.00"
b352a824-f9d8-48e0-b129-21f21eabf1c1,GUsXFyV,"CHF52,207.00"
bef26bcb-3d65-4e92-a9d3-767599609a4c,ALLlflPuu,"CHF62,603.00"
87ddac67-cdcc-42cb-93a5-faf743bd28a1,kgwCrQM,"CHF57,039.00"
b5556710-a97e-4147-a432-c6c48b6d4033,BcoMxWT,"CHF58,085.00"
636d4735-bac0-43c6-aa54-9d12559821df,JMcxKgdn,"CHF31,426.00"
5f5b02c2-bbcd-477a-8301-762a73e9a9e9,egfyuK,"CHF39,932.00"
2aef4bae-02fc-4182-bd03-aa4f7e4d0726,Jtswf,"CHF57,111.00"
8c59f06f-efd4-484e-aed9-8c1e582dbd6d,kNChAWRMG,"CHF40,111.00"
de7ca758-97ed-44de-a31c-943facce1be4,pfstxrXN,"CHF61,277.00"
f58dd50d-8f27-4a11-8a64-f711531a5149,tcESNNb,"CHF67,213.00"
138458bd-589e-4532-894d-7274be9c6f0b,ENEfNlwW,"CHF35,636.00"
d200ff91-2085-4a1d-882d-5762add39f50,jKDYxy,"CHF48,504.00"
46b51773-88bd-41c9-a819-52f58beb7f75,EzUzbI,"CHF42,277.00"
3fc6bdbd-383f-4858-8c7b-b99e361321a6,BBIVKgoOF,"CHF71,559.00"
1c396cc1-dc39-4814-9a60-a43b1e9b9c78,kfYuDNS,"CHF56,426.00"
1e8bfb8d-db57-433f-9122-c7c33584fdea,xsIxsXhwI,"CHF39,436.00"
7a11ffc2-56e2-4fe5-8dbb-5f7b38679132,TlpTqwj,"CHF64,096.00"
a5bdc42f-6191-495f-b477-b92b611fc72b,UYiTEpa,"CHF72,950.00"
447f1886-9c20-4b68-bdc1-7053149affdf,WPCwVjs,"CHF72,122.00"
d7d1d97e-8992-4c35-8eda-d782169b1ff2,aTXoUBRQ,"CHF42,823.00"
619893d4-4308-45fe-9f0e-4dffffd05865,upHRj,"CHF52,959.00"
24e31dd1-d826-4d3b-b29c-e169182a4a4c,eDXMAMKth,"CHF42,809.00"
585e1eb6-85d4-4413-b9a8-85ec6e369c51,mVAgwBN,"CHF34,907.00"
4bdfe4b7-20aa-4745-8ec5-2ea24c32a804,DzWTEq,"CHF47,016.00"
43db5261-b1a0-4a60-a858-f11e8a19a4e3,rGBxKAvnu,"CHF65,267.00"
fc4bfbe0-e2ce-4e30-8d8a-7945c81c7807,KCPkru,"CHF44,334.00"
b739fe97-6caa-4e99-878c-5e1ae2495a4a,OrjHxWBMk,"CHF43,921.00"
61a57e60-da32-48f9-93f7-e5c21e581a49,tYcLy,"CHF73,839.00"
5af68d08-42b9-4321-8abe-8384b1da2123,mQjOfiay,"CHF54,827.00"
d7e78f35-9b19-4a4a-acbe-e4dbfdefce18,FLcpu,"CHF74,903.00"
508a4350-5ffc-4a3a-a309-98b0782a17f3,iCsiEujn,"CHF63,858.00"
39081bb6-bf69-4709-8ba8-b7ff97294f7b,yTJIQo,"CHF67,676.00"
55fb42e5-24da-404e-b08a-6c8eb4311e5e,YoTNhzHCN,"CHF61,885.00"
708fc2de-8ccb-486c-8aba-db2ab1240a09,bPIcO,"CHF34,888.00"
bd42483f-6fda-428b-a066-c93a2659f860,GTsCaMwk,"CHF39,522.00"
eefd3013-a0e6-48fe-8d9b-8b39d7bb8487,EBMaWBbz,"CHF27,025.00"
fd7eb75a-6e97-4c8a-b776-dd212f57c880,FWqgBX,"CHF44,427.00"
9696f02c-d98b-42b3-bdbe-2f9dec403edf,jNQMvzN,"CHF65,191.00"
defdaa65-5b84-4d78-b513-e83c6460306d,gIRbnguOD,"CHF47,923.00"
04598b7c-207b-4006-9399-2799f9dfdf08,CnINA,"CHF50,761.00"
751d6e95-605c-463c-ad2b-aab2da2c4373,HaTBE,"CHF46,127.00"
bed020e9-25ef-4aa7-9f4a-688571e9cbe1,EKCSfP,"CHF27,885.00"
f814fdea-122c-4388-b6e2-aa4605223e1a,zlTfQwXy,"CHF72,930.00"
76a889af-55c8-4898-b904-fc6cd88a35dc,avRwNhls,"CHF54,185.00"
de25b65f-a5d2-45b3-adde-b5b3e4b21caa,PIiEOqFmT,"CHF70,727.00"
861accff-d7ae-40ed-94f6-170b4aaa6255,nWYmquxC,"CHF50,551.00"
361285ee-8e9d-493c-a145-c479704bddb2,QEhfj,"CHF57,465.00"
96799ae5-1376-4c27-80ac-3bdcda23b6c0,qFmpq,"CHF31,900.00"
2c28ec08-938a-4ff2-8725-c09f6a6a727d,QWWqmamf,"CHF59,667.00"
9b1b6273-899f-43db-97b0-dec798188375,ljjDjKsmY,"CHF65,006.00"
f4abe197-c1b1-44e8-a1c1-e529f558fb04,XwzlKl,"CHF34,763.00"
090f412c-c319-49e5-8c05-7172b00114cd,UisUU,"CHF55,488.00"
f54d641c-02d9-47a5-b173-8e9f0964ef49,VvFADuuq,"CHF48,330.00"
02a3aaf2-b25e-40f3-ac26-b22a97d656f7,rLYvkkeLD,"CHF45,489.00"
b114522a-7f4a-48bc-b6b2-5c4b7c903af3,xBmRk,"CHF63,286.00"
1dd250e7-b627-4b07-bad5-a3f370e13bb5,xWBcmxRhU,"CHF44,059.00"
6b2487a5-3992-4f52-b008-220df0aba97f,bCIHOjh,"CHF56,380.00"
a909cfb2-a696-47a7-aa5b-1638d8f5cf3f,ceIWTaR,"CHF39,632.00"
9bc4f036-753c-4146-be9e-23aaa7e9d748,zJXXu,"CHF39,579.00"
1fcc5811-5606-48e5-9720-f399b69e9cd8,RUPUk,"CHF34,821.00"
7fb28314-b8c0-4960-90aa-a95861671a0e,SKTJj,"CHF49,401.00"
e068fcc2-ee28-43a1-86d4-522cf1d907a6,HnsGpHcCU,"CHF37,950.00"
30777933-e96c-4e12-9bfa-33c833dc71cd,ySwjx,"CHF39,556.00"
b8336afd-c570-4278-ade0-8083d91a11b6,fUxiLWcM,"CHF59,022.00"
b1960648-07eb-410d-ad70-f9a2c1f388b0,boUJqPn,"CHF42,261.00"
f84efd7d-688c-47f8-b535-93e11442b7ac,aVXnuhpO,"CHF44,065.00"
58530dbc-627a-46af-b4e3-d0ea9817184a,qwFhxLM,"CHF41,475.00"
5836eb3e-1ab7-4cd9-8f81-30f511ef8d0d,mPXcAiB,"CHF45,810.00"
8d0ffd5c-d1de-4921-a4c4-f1ea5009d1b7,aRYfs,"CHF49,451.00"
24bf4f70-c647-4ffd-aa8b-55e07b249c3b,GkcffHQ,"CHF38,365.00"
3058cb53-8137-4ad5-9273-2b512e52aaa6,ODOqX,"CHF63,245.00"
1bd2eed5-8308-4687-95a8-1c2b6165541c,HozQN,"CHF32,922.00"
c8488964-5015-4ab7-b8bb-9e4acba03dbd,UhLCb,"CHF74,025.00"
92332f71-2848-438c-8697-950d87f02c8e,PMHsMG,"CHF72,397.00"
36ddd5d5-972d-47f9-89d6-662b49039efc,jWvObrq,"CHF52,561.00"
c94eb132-1999-4121-b636-27659cc3c16a,njgaRYd,"CHF58,394.00"
96290d19-c396-4f18-9d4a-c1e299292d8a,SGhNEo,"CHF64,720.00"
78447458-9a01-4ae5-8b26-7cb462749370,kPjICkjG,"CHF39,927.00"
f4b0e920-7d9e-4637-ad99-194ada67bdf4,XjaEoC,"CHF50,895.00"
91303eea-bf86-46b7-87b4-2622501420ce,InpRz,"CHF41,970.00"
9cd3ad43-f6dd-4f6c-8454-98d311e78370,HEJtQAx,"CHF60,308.00"
6dc3c098-c8bd-4d85-afb7-fbc6c0bfef83,HclgTdL,"CHF43,315.00"
c2f945fe-2872-4679-9766-5b083ad81899,fhXHVsnV,"CHF61,353.00"
f91344c6-72c9-45b1-b483-51ed80554c7f,hrVwJcqyr,"CHF38,356.00"
b91f3632-746a-4c31-ad55-f4917051735d,muMXryrQJ,"CHF31,328.00"
33b48857-ab79-4fa8-97bb-301b7b4a463c,CSQVWwQGi,"CHF60,608.00"
92ff8aa1-0b09-45c2-8def-529f11fb3dac,oyhFnz,"CHF36,035.00"
91e6867a-e147-49a5-ac52-959b2db1d140,ObOwFqvQ,"CHF56,993.00"
7886e476-1e8d-4a10-b7b7-0ea15b3c2fa0,nrEUYSOw,"CHF71,947.00"
01b217ec-a6bc-42b3-9dcf-645aae40b3bd,jTTMvYBf,"CHF69,589.00"
80d0e5d4-30ac-4072-a30d-5868eea6d393,rWcGDpmdY,"CHF60,676.00"
cbed7119-aff8-4124-a26d-8051ecc22d3a,vvHfMCVO,"CHF44,668.00"
d18d8260-0361-4f3e-92ce-c5d61fe87ccf,muqboT,"CHF38,904.00"
51195a55-cd12-44c0-9075-e80a0494bebe,SbbcjnDjb,"CHF49,926.00"
707d8fa9-9dee-4814-8fa8-19d9951b15ba,JVRXR,"CHF53,080.00"
a875b4a0-fca9-4984-b0de-531f02553f07,IyYlWDep,"CHF67,934.00"
aac2908a-b054-405f-9987-0e6b8d03b03c,edcjT,"CHF30,247.00"
b240bb30-2d3a-4000-b0fb-5452e38ce702,ETOvj,"CHF63,493.00"
6fd97288-f248-4b99-b7db-34350bcac9df,PMrXAIm,"CHF57,129.00"
cfe118aa-5a8e-4c6f-a8b6-6ca4debd8641,yepsEwYIO,"CHF62,046.00"
c7cdf783-1598-48a2-8db3-52933a3d8e15,MUuDh,"CHF43,866.00"
8c7f980d-2ad3-4a19-8330-1c4a63057e0e,srzPh,"CHF55,972.00"
59227a62-c0d1-4eee-b5b7-2d104e61f3ae,mTNswwmj,"CHF56,010.00"
6a144eac-5455-4cc8-bf7e-936c907de5be,aVNidES,"CHF31,938.00"
ebeecc39-bf2b-4a3d-b7e9-f11a1ffb5955,KtfKJQe,"CHF54,716.00"
bcdb267b-4590-44de-abfa-be43618a3224,CwChvMqm,"CHF29,931.00"
44f2c5a9-d4ca-4adb-a29c-9f746d4bbce5,jbCMXd,"CHF46,691.00"
9d5adbdb-c6a8-49b6-b65c-e2b08900019e,bnLXxYYLM,"CHF48,600.00"
2366612d-a0da-4daf-802c-e6ce2e208dfe,BJUBrLd,"CHF50,079.00"
d13d7501-1aef-4fda-8fab-14855bbdeb7c,igxAHGv,"CHF60,692.00"
c8323d8d-4f93-49ea-adb8-1b613c7edd54,afgBvlW,"CHF62,674.00"
d577f765-1785-4b93-84c1-b57f5264058f,pHiEC,"CHF31,159.00"
39ac47c0-64d8-49e3-8047-cbdda2d832c0,QSJgACifY,"CHF64,179.00"
43622e78-d110-4dcf-ad87-d036cfba441e,YFHjhIrR,"CHF61,521.00"
a72db1b3-21f2-424b-9489-7a93ade91c2e,rGJghMQ,"CHF53,549.00"
331e6501-0fd1-444e-8b31-21396f016b06,IajrmRjj,"CHF40,954.00"
e0c22197-04b0-4a9f-8337-8959aeaddfe3,rGmuo,"CHF57,061.00"
22286340-18db-4e3e-88a9-9ca5d08d8743,jnOmlzHq,"CHF53,955.00"
bfdcc944-82c7-4e14-83e4-cbdb4ec8ef44,TqDwXK,"CHF28,023.00"
dd95b72d-ce27-4b9b-9bb5-bc8d67e913b5,MitQm,"CHF38,916.00"
8928d950-dcd8-4b56-aa41-84e22124774d,vIvwpOsf,"CHF37,755.00"
6d385ca6-e944-48ae-9e98-63a52ab92b2c,DDrzYGnoD,"CHF62,381.00"
f146219f-4037-4626-9ebf-94caa8965102,IaFTTalE,"CHF41,691.00"
d964e724-361f-4146-ae09-07a324fe2977,QFDLYOG,"CHF71,726.00"
ab87b875-4c9c-41a1-8e7a-8ae4c07f43f3,jMjdITMbj,"CHF38,444.00"
0c731b2c-69dd-4e25-a7a9-70df204ef615,iQfsdiweJ,"CHF29,391.00"
cbb27d8f-f0a4-41f5-9d53-18405a540044,cFIVgCTjb,"CHF62,096.00"
62abe318-1ada-4fb5-aa46-ab9027879d4e,ntsDrdCFr,"CHF55,336.00"
d860d8e6-66ff-4fd1-9b6f-d1e2f4ef7697,IBEIQnT,"CHF54,603.00"
432755e4-6c29-4ceb-9c28-ddd3996a7fb3,sNheu,"CHF39,903.00"
656668f3-e9c1-40c8-a352-2899f8e44ee0,bpwuUUPG,"CHF71,364.00"
8eecafec-0034-4cf5-aea2-6c76d355361f,oPIiGc,"CHF66,740.00"
2c85e21b-191c-4558-afcb-f2bca0dcee71,xgXFgr,"CHF25,881.00"
7dab67bb-64f8-49d6-a016-e39cb6d3b5b6,VYovzpl,"CHF47,523.00"
5295afcb-a26b-43e3-aa53-a7b2fe1f547a,drhwQuxul,"CHF71,079.00"
99de94aa-4d3a-4b06-a103-618f81300456,MqshfNp,"CHF36,116.00"
f99356cf-beb4-4407-98cc-cb8ab3e3014a,AfAwRm,"CHF43,908.00"
2db4d535-5be6-4ff4-969f-a88dc4e820cc,htIqfPnn,"CHF66,245.00"
dd5c7d17-1979-409d-bb9e-b967c87cb6b8,RwtPNAcY,"CHF34,944.00"
3a6272df-d3c1-425b-9a44-efd3a832d080,vkOWEJ,"CHF51,873.00"
b75300ba-7672-445d-a060-79274d4b6846,tfIiyI,"CHF36,093.00"
15a6e7d0-f154-479b-9fa1-809c45d11047,wLrFb,"CHF74,190.00"
838de206-dfb5-4e63-9779-335f6b994b4d,hnFVnfaX,"CHF62,266.00"
1e80120d-790a-455a-9f73-b248c2ce0c10,XxzdpfoP,"CHF50,537.00"
10176fc0-090c-4bfc-acca-8cf24ae7869e,uIaGYsG,"CHF39,047.00"
0a5398d5-ab59-451c-b952-277d7aa76a26,FqtIIMm,"CHF73,813.00"
2eb9b5dd-70d5-41cb-be9b-78046ed9f094,WXwcXL,"CHF69,314.00"
359407e8-5032-42f9-bea2-1c2ac8d735ac,MdbVmLRM,"CHF61,893.00"
0183c5e5-cb9b-41cd-9dcc-f0a47e327423,CWKdz,"CHF41,262.00"
8c7cceb7-ee9e-478c-8312-db3c551609d0,VMsMcJj,"CHF64,776.00"
8577c88a-4192-4a96-a100-b7a0a6d91f30,QCeeoW,"CHF66,228.00"
9e1b96af-ca9a-4ca0-8f9a-bd4720a6f08b,PsHsv,"CHF67,361.00"
3e6839ed-8a32-4c97-b561-b1541eb585bf,QlwsI,"CHF42,374.00"
71510f04-0b55-4289-855f-adf1f347a906,sNRXx,"CHF61,491.00"
6e7005c0-188f-4110-8578-81ea5fb3663b,CdvubitM,"CHF54,279.00"
02c05956-deb6-4e17-8cea-af271c72277d,vOXTab,"CHF56,193.00"
30ec28a1-fa83-4564-a66b-4883347401ad,yWVcttNO,"CHF45,450.00"
29c314eb-828e-40a6-8c30-40ed4eca8368,nRqclFhSL,"CHF27,259.00"
df63a11e-a309-4dea-9e4e-b3038bfceecc,KmAXAEhg,"CHF42,017.00"
64d05735-cdbc-4727-ba25-fa10590728a4,hWXeTSr,"CHF29,741.00"
fe1cc80b-eaa0-4cfa-bca5-94e8363f0c8f,QWoWIMlAP,"CHF69,575.00"
9e872f70-a2ec-4a72-87a6-0e623a3f16bb,WNoMSzq,"CHF50,874.00"
3fabd5cb-57c4-4a1c-b122-32f0821ae853,rUKDtHWMx,"CHF69,140.00"
d96f351e-b139-4924-bf2b-ca2485e0c4fd,SNIvQww,"CHF58,797.00"
e6de9dbf-9186-478a-bab1-d0535185e030,HJBNxQMjo,"CHF42,248.00"
e20bab50-0744-4b85-b289-623e379114a7,wwzMGEnUW,"CHF59,565.00"
743126ec-11dd-4770-a522-6c99620df3cd,XAVEBW,"CHF43,731.00"
c10b8532-964a-471e-b286-7f2157152c70,uSVKQ,"CHF42,790.00"
93bcc4cc-75ac-4412-bfc1-93891b1ad526,LbMwdCa,"CHF55,038.00"
d93f6bc2-6258-4013-9045-7c6a76e91792,YKkhuWb,"CHF44,257.00"
27165883-0ab3-44f7-9453-bd5458e154ba,pCGEKFAMJ,"CHF41,957.00"
97ba330e-272e-4298-b9bc-2f2b1f7c08c1,EjaYKYm,"CHF52,511.00"
c5b95622-f0c6-4068-a27d-7d6bc41d034d,PfmrmO,"CHF41,350.00"
f37400d3-e387-4ca6-bee8-3c892d5d61fd,aCpHC,"CHF69,254.00"
38df1044-6d27-46c7-ad45-09931e704811,kNtlGm,"CHF39,252.00"
43b0194e-5e29-4fe9-96b6-2b23073e0e6d,RASSwQ,"CHF59,920.00"
6a5a3bd9-4752-4fd2-b098-089641d01982,cGMjGhd,"CHF62,178.00"
c871ac9c-5148-49d1-a2ce-f13e0b8f946a,ovuAg,"CHF48,647.00"
d03245a4-dd54-4690-84fc-5d32e29e6fdc,XvXSCQxau,"CHF38,586.00"
78b965ae-9054-42e9-8cdc-f698ad6bf948,DfQfAqcC,"CHF69,620.00"
0e4c16d7-df7e-4916-9ae3-73c2ab228211,svnDnvFPN,"CHF64,252.00"
6c39cd31-80d3-4b2a-bc5d-5d21e8eaede2,PmDKGvyUt,"CHF46,050.00"
03cfc565-6051-45b9-89cc-058ae3260e21,MXLqy,"CHF34,475.00"
e96b0bde-c06a-4edb-81c4-db854c73c109,WHBVQC,"CHF66,605.00"
fa0e4328-4c5c-40c1-b905-e79aa50bdec6,gWpHsxEH,"CHF55,174.00"
b93ab1fa-b1e8-4051-97dc-a0ef3e24e6ec,jiKzXjeh,"CHF42,551.00"
b458de47-9454-496b-8ea4-a778f58e9aee,YuehDUa,"CHF51,068.00"
83883c39-97ed-4a24-ac8e-bfd500c8edd5,GgszPHT,"CHF33,997.00"
31864094-109c-4c6c-a7a7-d82ec9878e60,PWlDys,"CHF71,750.00"
586007ba-7dc7-4bd9-aaeb-6aeabaaddbdb,DPpkRzJX,"CHF70,204.00"
1cf82e32-cf3d-4d7d-983f-78d641e1fe49,BYcoHPMKp,"CHF68,869.00"
09495862-deaa-4ec9-8223-387718356218,NoITNfLTf,"CHF72,692.00"
29ec91a0-1222-4bc7-8b53-588687e03a31,GzVaVd,"CHF51,046.00"
935ba3a8-2b60-4e9e-a760-51475b569570,dHAoTuV,"CHF74,798.00"
37df79ad-2003-4a15-80c8-6c8f28f997d0,EyMzVpMXT,"CHF57,421.00"
f81a9ad8-ab72-438d-b0a0-8c84b73d0bfa,qsxXlw,"CHF72,021.00"
bff37389-64c5-4bd0-9c61-0d21665926b1,DhqWqvg,"CHF48,465.00"
c0b13999-b1ab-4cb7-a416-3f82d1bf5506,iTjvpnjC,"CHF52,207.00"
cd7f4385-bdf7-4472-a34b-7a4df171351f,nzAVhiaoG,"CHF60,649.00"
63079dd0-afc9-4b4c-a10b-868cd7e02dd3,wyjUSq,"CHF36,887.00"
19b86da1-789c-4697-8154-793e2c13e0ca,koSBVNYi,"CHF33,537.00"
0e574e89-8990-4aa4-b4b9-7ad380954c9f,uEXRTsOT,"CHF47,150.00"
9221e64b-0ea3-4915-ad34-6634aae19bea,qYzFJHs,"CHF37,424.00"
441721ff-db2d-4a60-a55c-e22760872cbe,plxawiR,"CHF72,164.00"
238c380f-e7b6-41dc-a68c-237add802521,mqsOLGaF,"CHF32,064.00"
e86acf75-7da4-4341-9ea9-3ce05762d34d,DzRBXBdM,"CHF61,874.00"
394a62e0-3eda-4ac5-b0aa-bebf05264596,VnpDNw,"CHF42,437.00"
7bf22f04-402b-4e14-ab0e-93da1bebca67,jHMjWxX,"CHF59,559.00"
abc31af2-c5f6-44f5-a416-81ad35196155,qLQYhh,"CHF72,729.00"
2989e8c1-00f3-4cdf-813d-4656bc6fc03a,NkRLnkuLu,"CHF44,970.00"
18d650d6-fe68-420f-acf2-15504f8e1a0e,VbKRpFkBV,"CHF41,458.00"
e5ba5b79-25d6-4687-ae9f-35d1d7b46e19,kwiiJ,"CHF35,672.00"
8386a2f5-9d45-4f9e-84e3-80f81ce2efaf,qHUMYfh,"CHF37,385.00"
8aed74b3-277c-4a18-8b3a-4f71fb3ad9d9,BouMs,"CHF67,277.00"
de1b92ff-b640-43fb-aa5f-4a4ab186879a,fXfoBGuW,"CHF40,674.00"
b6f7e29c-dc41-498e-b77d-e3f742d0cd10,BVsWjGyYO,"CHF42,488.00"
8006bd49-161f-4540-b590-9f0d4ec881ab,pCQkPpT,"CHF56,842.00"
12ce9161-8388-4e17-abb0-036f2fa2c95b,vWwGGoJL,"CHF42,690.00"
9313a41d-aad4-4a19-aa46-90871955deeb,qmAfMqqWb,"CHF71,962.00"
24c934d6-0af8-426d-b985-41e70e134850,vQthWS,"CHF73,171.00"
93125185-6c6c-42d8-a064-f5dafd3240bc,tehKVWrs,"CHF38,150.00"
2c6e55ac-5725-4445-8f37-3368363a0ab4,YEELsDrw,"CHF66,564.00"
0d161644-99bd-4c6b-bdc8-458f1c945e19,iynPVejUY,"CHF64,642.00"
f142f290-5767-49be-9253-1a7b75a3fefa,eaVcLD,"CHF26,697.00"
0316bcd0-1891-4e94-a913-5b7d6b236922,wpAKdgw,"CHF55,173.00"
b5dec273-43f3-460b-8594-652aa77d5161,dySwXfm,"CHF73,351.00"
8d6f4a61-cdd9-41c1-b410-1f96e01ae919,uYAWlnmS,"CHF49,594.00"
2697aead-c16a-4622-9243-c514e878903e,hyInkWdsT,"CHF64,617.00"
d664a98b-cc35-45c9-98b9-ef66073e3e9c,jMDGvXO,"CHF31,485.00"
d2982864-0872-4a7c-860a-714a5bc0654e,sQxaQ,"CHF58,159.00"
0295a779-b9c5-4386-b117-c7c15047ee11,zPULEqTx,"CHF33,401.00"
76ecee56-f929-4eca-93d8-3b443e9b798c,FrNesbY,"CHF31,989.00"
fd3bd297-0d61-48ab-8243-c349db62d58d,DuEmjeu,"CHF43,605.00"
91873e6f-d53e-4a8e-8a12-4bac859c073c,YUGrBlEr,"CHF63,960.00"
17e9470a-9661-412c-9b21-57660aef605b,Axnkui,"CHF48,654.00"
7ea27ef3-31e4-4591-a98f-2e5f273d00bd,BYjUzyW,"CHF62,464.00"
fb20aedd-3286-431a-83dc-7d869a8639b7,BEmHJa,"CHF72,908.00"
fc8e9f20-3c95-490d-a437-d8b670d85a01,ePJhP,"CHF57,347.00"
3f11cdc6-376a-4a16-865b-85668cb29193,fQmYzNPjN,"CHF31,468.00"
94efb29a-aa25-4446-a645-6bc7de404370,hkbaF,"CHF34,332.00"
b64a9341-d6fc-4307-8cb7-c52e8bab675b,CfGQo,"CHF36,642.00"
f1b85ff5-f879-4105-8dcd-55ef2fd1b10f,gsVdlHe,"CHF50,933.00"
c22c5f16-a6ae-4c58-b6ec-ba8ec1275cda,BGyCKLX,"CHF48,844.00"
5170f1b7-0475-4392-8714-69f1b75008e0,WaKRmcPMv,"CHF30,426.00"
07149b71-1863-4382-be45-c3d06deafd91,qfyDSfQ,"CHF32,012.00"
e74060ec-756b-4a29-b28d-84d8d4fb9b6f,uyIIg,"CHF29,757.00"
cd142f8e-4a22-42dc-a258-b1ea3ad9f0e5,tDmiCU,"CHF46,552.00"
efab1750-d670-4177-9904-d984e2020f9d,CcptTv,"CHF29,727.00"
93266e26-3270-411f-8cc0-4569edd3b9d8,VzbVNiJu,"CHF32,400.00"
8ea37c3a-8227-46c3-9a91-d0a94fa42c54,JNRQWWFeG,"CHF52,378.00"
bb9b38cb-b00e-42c8-87e4-0debc39e70bc,oTpgV,"CHF62,932.00"
f1c7722c-2fcc-4618-8e91-76b06268c7a6,KNgUnoV,"CHF72,725.00"
7221a0cb-828d-431f-a47e-9139c772409d,tpaXRmoKH,"CHF31,521.00"
8a88ef00-255c-4eec-afd1-947f3246ca5b,GTrJCiUX,"CHF74,760.00"
4cb3be4b-b067-43d4-8571-04ad6dcfe9c3,CGWMR,"CHF55,164.00"
20fba798-8a1f-4eac-93b4-41b113a022f6,bEsmBxAa,"CHF45,675.00"
b15084f0-716c-4cfc-8962-337b1ab16d05,miVrLIhu,"CHF39,528.00"
63f42213-c6f1-42a8-8cfc-e84df1b38511,sXPqQK,"CHF36,468.00"
837d8723-e3bf-4638-94fa-2b2dafa4c39e,ecwXqPYUc,"CHF62,396.00"
a080957f-40a8-4b05-890a-e4f76364b17f,DWynFzbhB,"CHF71,196.00"
9f2f1502-7385-4a29-887b-859f4344e5de,EmdEvi,"CHF44,919.00"
c2cda1b3-65ec-4a06-9ade-5654aa189736,jVWfx,"CHF54,261.00"
54db2235-51b3-4f7c-b48f-0e48c60d1ed4,FsDiuH,"CHF34,433.00"
a4ffbc98-d66a-4ba2-8ebc-a6791528882c,WbASV,"CHF73,899.00"
026c8589-cf5e-4eef-8e04-e99171c4ad66,HyWAEP,"CHF67,469.00"
5239035a-3ac8-43a2-8afd-88e2592e699e,URKeGFca,"CHF37,677.00"
262ac652-e913-45d1-a315-33f96cafb1c3,cmFtiNSRl,"CHF35,611.00"
13953ba2-b579-4c29-af20-a9a735820b13,qelnS,"CHF60,148.00"
c9f2aec2-74a7-4c4f-8a3c-12d272d3f159,MgRdSdQIm,"CHF40,339.00"
43b86588-5c17-47a6-9bee-12b0b00dc3d9,etXgc,"CHF74,937.00"
200a320c-d995-4c00-9d8b-820d9250beff,moDsBmtA,"CHF40,941.00"
e97f74f5-f868-45d7-bc03-42ba39033e50,dLLlb,"CHF60,433.00"
a37095f0-80a0-4eef-887c-44c930df7454,ltHyJ,"CHF74,035.00"
53014432-9bb8-48c8-a594-a77a996b34a6,IbgTo,"CHF35,120.00"
6910115e-eec3-4f09-bb08-d2f484f80901,XQHaCWy,"CHF25,659.00"
80e29d31-7fd2-4af7-b887-377e9ccef2c3,vHlmzYHfO,"CHF31,350.00"
49bb435f-d05c-45ac-a2a6-d733a4a99532,Frlqd,"CHF70,931.00"
276fca19-9849-4156-b415-136b26423bae,BVohlH,"CHF44,380.00"
bb78ba36-44f8-466c-971e-482631edbb1d,AxivgcG,"CHF59,893.00"
c16cc489-25aa-4a23-94d4-db5d8c16e451,dQKtWWCD,"CHF51,728.00"
13825bb1-ec16-4f87-96fd-ea0e363c08e7,DzApnzz,"CHF26,726.00"
ad9e13a4-e255-44d7-8f6a-2cc73c931010,vNyBi,"CHF69,774.00"
80c84388-607d-47d3-8715-6e235f4e1e1e,fAMxnIKNs,"CHF57,324.00"
289a463b-c94f-4e90-9617-ce5945fc7ff6,XNQqayDv,"CHF74,032.00"
340ae8e3-d655-4394-b559-0386b2595b7b,lNIeuEyg,"CHF74,372.00"
9884d00d-6543-4666-aeae-920ec0c3b42b,BusBzqgy,"CHF34,191.00"
a1074919-d43c-453e-b0ed-c27ad134865f,PkTxsE,"CHF40,452.00"
c1f7f478-d026-446f-a3a1-1e72a03c8007,hudJQ,"CHF57,890.00"
3377f94d-69d3-4b1d-88e1-e9e7217aca9f,jrRBiIwd,"CHF46,748.00"
b5cdeac8-34d8-49fe-87d6-001f297f5129,CiEdyUmY,"CHF39,811.00"
30f61d67-5f31-42bc-a531-5114918b1afb,XFAcSI,"CHF25,337.00"
7451c5df-ea6f-46d8-8538-c3b8e82af9ce,ByfmK,"CHF67,275.00"
dcf2752d-a384-479c-a39f-5829b19ceea6,CzvobBw,"CHF56,740.00"
cf62623b-c680-416e-ba78-a016be233c2f,hJhXxQhL,"CHF45,519.00"
015892f2-900a-48b3-aa1e-651b7f94fe3f,wkeAwBDC,"CHF45,551.00"
5e13e1ea-9242-462f-b592-cd8544ebf161,CnojD,"CHF56,705.00"
2f8fdc4c-77a8-4b86-843a-0ab1f1cb19fa,evAtr,"CHF67,155.00"
3c1da433-b09a-48d4-a20d-a9f88011dfbe,hIVuIoNRV,"CHF25,839.00"
8a29a896-630d-4e78-8837-4083ec284bee,qYVrl,"CHF28,467.00"
85daf701-41ae-48f3-9003-99f4f1c299a6,QBgnE,"CHF54,692.00"
3c415c74-d8ad-47a0-a096-bb75a9e76663,TenQvO,"CHF48,436.00"
0f08ac74-cac5-4399-90ae-5aa356321688,tmandjS,"CHF35,037.00"
eb12aca5-fff7-46ef-96e0-9242010ccee6,AoNkHpPHa,"CHF57,011.00"
47d52d5e-6324-46f8-b4f5-997a657eeb27,kxWauEsr,"CHF74,558.00"
84fd6039-912c-4140-b8ac-8163d5456007,znaTyUd,"CHF49,093.00"
92a015f1-bd5d-4012-af5e-8e9ae15d6c8d,rjdvl,"CHF60,264.00"
3f134c7a-a50c-4657-bb13-300464b9999e,IahBT,"CHF46,492.00"
8929976c-d438-476c-af4b-e65cdc3dace2,IAyqfDRm,"CHF43,760.00"
9339cfb5-b380-4eee-9568-2f06702d084a,zMVda,"CHF32,341.00"
4e34ede6-18cd-4b83-bb33-caa425452d78,ljoLzBq,"CHF71,902.00"
483b8258-3cda-4c34-97d5-b0878fe7cdfa,qFLVYb,"CHF39,272.00"
7667a2d2-189d-4263-b3f3-c1c78dc42e81,SaCLrE,"CHF42,901.00"
25615c4e-edfa-40de-b91b-87d7a4e2ef25,prksE,"CHF62,566.00"
455878fa-07d9-4098-a622-10665e3bd393,gCXLpHEu,"CHF67,567.00"
2c6930e8-10da-4dba-b296-379654438b72,YGReBr,"CHF69,650.00"
7dfc449c-d37e-47c6-a92b-fc1ea242eb52,qggxXnoY,"CHF34,698.00"
0a512d01-7553-4631-9134-339cf058139c,OgRHcNF,"CHF56,927.00"
db05b06d-dda4-49d1-8783-3110d752eee9,jbLzc,"CHF58,658.00"
c6558d52-786e-4833-8a91-8ec84908ec39,UIPDPO,"CHF27,578.00"
25817f20-4ed6-4e3a-a355-2023431a1f0a,zxhQQi,"CHF41,394.00"
8aa996d8-fa03-411e-8bbf-bca05203a7e1,KsQhgci,"CHF50,669.00"
f2ce2fdd-3682-469e-9a0f-71351c30da08,FRjJcXzXd,"CHF64,739.00"
42f06567-fe30-429e-a7c1-5e9c6e099af1,IfYajv,"CHF52,627.00"
a7fdcf13-ae49-42f2-ad54-3c7f76a5b19c,AcTrKEQ,"CHF46,277.00"
f71dfc4e-2576-46d4-89f2-f2216219cb1c,JjukEe,"CHF59,491.00"
591e2f2c-2bdf-4087-820f-ae7d793a8366,ylemG,"CHF61,636.00"
0585427a-e1b9-4ec2-8cce-f546593ee4e2,NGuFCDD,"CHF68,910.00"
42f5b3bd-48bf-4309-890d-b3e129dce01c,wzSQxCfVU,"CHF51,345.00"
fa7e4227-bf42-4291-97d9-4290cce2c72a,JYucC,"CHF58,758.00"
c615667f-0597-4904-8b5e-224f42f140a4,uHexuX,"CHF73,629.00"
5ce5552b-696a-4e76-8a85-049237c27053,pYcpkrTwA,"CHF27,652.00"
80ddcd4c-6568-4193-ae84-5b2b85861ce1,LgAKMApX,"CHF68,430.00"
d9be65a2-014e-4e1f-b536-6b691cd9365b,hxINUP,"CHF37,222.00"
d05454e3-eb74-43f4-be8d-b6c665dd193c,xQeeyVbYR,"CHF58,823.00"
bea56a0e-e2b3-4956-bad6-402db9767f40,fiJEkhoGO,"CHF56,507.00"
01347ef9-8cf7-438e-ab47-078410751842,vntAC,"CHF55,596.00"
ea3a7d2c-4f76-4308-b1b1-52ef7bcf8172,NKPfxjHpb,"CHF72,467.00"
d2e72aa6-50b5-460c-af61-3a2383c9ccd7,vqnOB,"CHF59,467.00"
4534f6dd-a6dd-4291-a234-e79b1bbbdae8,YkPnE,"CHF73,776.00"
c7257b43-8527-46aa-8f6b-5c5a885961d1,FKCcpd,"CHF34,064.00"
0baccad4-59f9-4126-897b-d5d16a76a4e2,trVplOy,"CHF66,304.00"
d81a8185-5ea5-49d6-a0fc-13bc696f11e9,qjwhUnh,"CHF25,729.00"
b187667d-eb06-4464-ad02-6e8984c72fbc,NgxmUP,"CHF61,295.00"
d0e0f8c4-7ba5-4b60-a5ae-f3c7b158ea40,OBjCKTBW,"CHF33,477.00"
eb5670f4-5763-4272-855d-adcea638aece,xdlCk,"CHF71,051.00"
23f91a27-a5a2-4e6b-ba8d-917e0625be93,uNfvNpdO,"CHF72,330.00"
277fc02b-4bf9-4e97-aa70-cdd85c463e04,TzacCYRq,"CHF51,892.00"
a900bfac-aa49-4b00-9d02-59e9b7faed17,zHkWMQx,"CHF64,946.00"
a91d9b00-4387-4375-9ac9-86714307d5ea,fqtjHv,"CHF31,719.00"
cd58c597-00af-4f33-a35b-d5e9dc3ac98e,qgdOvioA,"CHF42,252.00"
b70de746-d86a-47d1-ad4b-4090bbdd9936,brXNLfuMo,"CHF26,032.00"
eef15cd9-a794-45fd-90b0-eeeca3cb58c2,gHFYesrh,"CHF61,963.00"
8e627ca6-2100-46a2-9174-e9b539abcc98,GAbvi,"CHF64,974.00"
67134d44-a408-41a3-b0fc-3e1a36c1b13c,eSktbo,"CHF30,778.00"
00062c69-5cfd-4a1c-bd0b-77a0706d2798,IGLAr,"CHF27,592.00"
f40f5037-c441-40cc-a3c7-60f1a78db050,DTOlt,"CHF59,037.00"
53419673-087d-42b6-be58-ca5f09bf1eae,rALHPw,"CHF42,986.00"
deb7966e-edbf-4f53-a87b-0f9a8557d6c1,efdnLNYep,"CHF66,047.00"
db519db5-67e6-4178-ba25-c4dd2e988f6b,KlVeNQz,"CHF50,497.00"
82c8bc8e-c9fd-4ba1-903d-1db30523ea91,UEyOz,"CHF46,670.00"
b762b14c-1017-4fa9-a8bc-75f68dfd3fbb,xudbQw,"CHF49,205.00"
3e2b6ee6-09f4-4342-85a4-6e16abd6aa3d,mqHVKYKiP,"CHF49,464.00"
914af8b9-775a-4dfb-8aa5-c9e46f0c0adb,MKDCQCbtD,"CHF66,400.00"
50903304-cefa-4e8f-b562-1296bac2223f,DXXpGNk,"CHF49,185.00"
4060568b-4da4-4e4e-b174-8918e97b6d1e,xtmKXB,"CHF73,504.00"
3e9b170d-9ca3-47be-b95a-3248ef5f06fa,eCFte,"CHF30,414.00"
69673bc6-73a3-4eb1-a735-8e8cd80c2f2f,qiAnRfWC,"CHF58,542.00"
019930d2-563e-4ce5-bc69-87987ac2bdb7,Uycih,"CHF68,824.00"
72571b59-1ae7-42a8-93c2-2ea67d1c78df,IReRjYrw,"CHF66,158.00"
fa3cc978-8347-4712-8771-8a6956a37360,SiObvjbGw,"CHF74,925.00"
530e2225-7d1f-48c3-b115-125996b44278,mNLfRE,"CHF48,464.00"
e34bd399-1b71-4b2a-b26c-fc0a0c285048,IsfPVvI,"CHF25,521.00"
1cf562d8-a966-442d-a246-385c1b7d9a8e,PPnGjMM,"CHF73,693.00"
6b1fc236-1b7d-4005-98cd-ec39c4788aa1,AFXWjBRd,"CHF37,210.00"
e799cfc8-ab08-4aca-957a-b35361fc0209,osjKqRIac,"CHF50,330.00"
fcd4cc2f-1f20-4392-a299-efb2a1961a5a,pObwrXL,"CHF46,821.00"
efb2e0ab-de71-47a1-8715-38ab8bd6ce13,hRqDzN,"CHF34,722.00"
58a48be7-70a7-4857-890f-115b8770731d,mxdWVlijQ,"CHF56,356.00"
126d0202-7628-4167-bc86-f2b75cab8c86,mFQgeRE,"CHF62,299.00"
4c34fbe1-09fb-4bf1-a815-f0431e3a962b,pKpOA,"CHF26,480.00"
60542790-3267-4117-a4d7-37cdfb538400,RVsGj,"CHF70,656.00"
96041f31-522a-4c61-b22e-36bac648e7d7,eOdFGSn,"CHF27,782.00"
e29617f2-00c8-4cc1-9692-3fb2f9d38b1c,WzMydEhHh,"CHF55,579.00"
d88cdc04-fa21-48ce-8c0b-408bbf7647cf,ozXTXRv,"CHF73,541.00"
f69e7607-0219-4077-b9aa-4ed8d68eab8e,kjJswJMU,"CHF64,334.00"
ae11c86c-0512-42de-85a1-a713fe1a8b48,YSbops,"CHF40,597.00"
d20370e3-6f70-4922-a982-e20e25396e03,tFJBDMhJU,"CHF49,609.00"
dfbcd0c7-986c-419b-929e-6d0b09540cd6,fGeqXKOAN,"CHF65,801.00"
aff581ca-ff46-475d-b6eb-422771bccd84,MwdTj,"CHF29,521.00"
ccbea839-779a-4116-b0b3-457fda670f50,KXtXHndO,"CHF27,451.00"
089bbe76-1677-40ab-99ac-a603b86b4abc,aBecc,"CHF66,123.00"
5f13b6d2-bd32-4f78-b1e2-eeb9f7f36883,PsxIYprk,"CHF53,011.00"
2faa0357-9e6c-4f55-80a2-7cfdc3a8b9f3,VECDjQ,"CHF35,528.00"
1d925bad-df32-4502-b9d3-7917236e98ed,iPxTIeicy,"CHF43,102.00"
55b88aff-b3e1-4966-bcac-ed21ca2ed16f,skGTWoMCa,"CHF35,796.00"
3f589b7b-c419-4d16-a4d4-e869356efa2c,BGAIx,"CHF25,396.00"
08c65d08-00c4-4455-b707-0d4dc2241db5,ivdLVRzi,"CHF64,188.00"
2ea69b13-c642-4b11-9964-b14a36093d20,BrqbwuN,"CHF71,531.00"
ef30a09f-cc79-4092-b5dd-b8bb463a3f1b,nLvHbaLT,"CHF38,623.00"
5412796e-9c7d-4786-a636-1748f6ba7abd,jjXbBN,"CHF72,585.00"
e779a65a-716c-4a35-95ec-f3d29a609458,pyldPTQPB,"CHF40,916.00"
00fedff5-f1a1-4ccc-8e53-eb1d259d6304,gqGusn,"CHF59,143.00"
ac9b36b6-2755-4109-9487-11348f16c324,zFqju,"CHF43,206.00"
5342325c-6695-471e-a52a-f3348e7a8cdc,ceaOWmpBt,"CHF56,491.00"
c1b15ba1-01b1-4052-b83b-53d130c828f4,jvmqACFs,"CHF47,647.00"
b284fab0-11e7-4724-968e-703d370e4bcf,eDwMUt,"CHF33,404.00"
0e66fae7-3eee-4632-a131-e08b1df8292d,paXbYg,"CHF70,747.00"
c5a8be2a-d999-4e9f-8808-32854753dfde,cMNUJGE,"CHF59,244.00"
c8c8e67f-221b-430d-bd63-062e693392b7,AECWqqXdW,"CHF43,042.00"
8ed05540-2eeb-4f59-bba4-10f6a279751c,zBzjM,"CHF42,011.00"
39e45a77-5329-4689-82cb-5c16e3895cf7,GovgzOOcY,"CHF46,683.00"
c4a4d8d1-1efa-4463-afc7-0e364aab3aaf,bCPTh,"CHF43,881.00"
b16c68a4-327c-4535-8a5e-b165a1556991,GPmoYHHS,"CHF34,607.00"
c2f7e3d6-0a85-4287-9836-bf660645b35f,DPCpjzuWY,"CHF37,671.00"
74aabf88-2d96-481b-ab02-0a9da6b3bb1c,GbAAv,"CHF66,621.00"
517283bd-b7d0-48ab-9814-7e1225098d7f,hCjEAT,"CHF31,174.00"
01e25035-b7f9-4694-bb4e-ab666e92ab7d,pOrWELn,"CHF68,051.00"
8707663a-37f9-4fb1-95b2-25aa5a9a6f91,VBLcUCIeN,"CHF37,472.00"
f3faeeed-e259-45d1-87f3-63c0e4023292,hzKGQvThs,"CHF43,517.00"
e2ffd7ef-6403-465f-a835-00ffad17f5c1,JqmRCbFmr,"CHF50,727.00"
29fef9d8-9d51-439d-b578-6a7472294fb1,gefwClG,"CHF71,575.00"
c2486be0-9b68-49c8-8250-96b05078703c,slUyArb,"CHF53,846.00"
d7a8d94d-ea4d-4b8b-8515-2f21b71f7337,lWNJfmsUt,"CHF69,902.00"
196c0a8d-6f8e-4f9b-81fb-d17444599287,QHtnFfcFA,"CHF68,241.00"
65ba6ce9-6595-4785-b3c4-be608ab44e14,JFxFprIQa,"CHF66,626.00"
024bcbe6-d9f2-4774-b19f-679af89701f5,MtPBb,"CHF26,230.00"
d5e69dc6-747c-4816-9599-f77fb333c652,ttxyCjlmN,"CHF72,335.00"
558e0ebf-aae4-47ac-acf2-26f8aeb855f3,afSXwA,"CHF73,746.00"
ad6ac9c7-17bc-48e7-b93f-14506900edf7,JAjLyD,"CHF32,124.00"
a9f4a8b2-71cc-4c68-b9ab-60d55124c8fb,WfmVYgTC,"CHF28,649.00"
85596cea-e045-420f-9cb4-a3685c753c29,YKGwAuB,"CHF55,267.00"
2f6dcb49-61d5-4a37-9ddd-0b39ad914a98,JymNQ,"CHF37,490.00"
9e940f11-8285-4af1-8333-ad1207c7f82c,PoTYu,"CHF36,131.00"
3c158031-7cf2-400d-90ce-fdd8c6baf6fb,TlGGGSdVS,"CHF38,662.00"
39ed8428-57c1-498b-b9f6-1b6a2d47acf3,MSGJpL,"CHF28,019.00"
61e1afda-8b38-492b-9459-ddfc3347b231,bbfIIpRJ,"CHF51,182.00"
8f4952ed-07f8-4d12-9c4e-9ec60a975425,PdhntiYd,"CHF27,534.00"
2118e5b5-57e2-42d5-a0e1-8844e4acdbf0,KVTjvmQWr,"CHF27,378.00"
3d7772c8-7e49-43f9-be25-c8c1ff9e98ab,GihJbw,"CHF31,654.00"